[{"pk": 1, "model": "peteslist.location", "fields": {"city": "auburn", "state": "Alabama"}}, {"pk": 2, "model": "peteslist.location", "fields": {"city": "birmingham", "state": "Alabama"}}, {"pk": 3, "model": "peteslist.location", "fields": {"city": "dothan", "state": "Alabama"}}, {"pk": 4, "model": "peteslist.location", "fields": {"city": "florence / muscle shoals", "state": "Alabama"}}, {"pk": 5, "model": "peteslist.location", "fields": {"city": "gadsden-anniston", "state": "Alabama"}}, {"pk": 6, "model": "peteslist.location", "fields": {"city": "huntsville / decatur", "state": "Alabama"}}, {"pk": 7, "model": "peteslist.location", "fields": {"city": "mobile", "state": "Alabama"}}, {"pk": 8, "model": "peteslist.location", "fields": {"city": "montgomery", "state": "Alabama"}}, {"pk": 9, "model": "peteslist.location", "fields": {"city": "tuscaloosa", "state": "Alabama"}}, {"pk": 10, "model": "peteslist.location", "fields": {"city": "anchorage / mat-su", "state": "Alaska"}}, {"pk": 11, "model": "peteslist.location", "fields": {"city": "fairbanks", "state": "Alaska"}}, {"pk": 12, "model": "peteslist.location", "fields": {"city": "kenai peninsula", "state": "Alaska"}}, {"pk": 13, "model": "peteslist.location", "fields": {"city": "southeast alaska", "state": "Alaska"}}, {"pk": 14, "model": "peteslist.location", "fields": {"city": "flagstaff / sedona", "state": "Arizona"}}, {"pk": 15, "model": "peteslist.location", "fields": {"city": "mohave county", "state": "Arizona"}}, {"pk": 16, "model": "peteslist.location", "fields": {"city": "phoenix", "state": "Arizona"}}, {"pk": 17, "model": "peteslist.location", "fields": {"city": "prescott", "state": "Arizona"}}, {"pk": 18, "model": "peteslist.location", "fields": {"city": "show low", "state": "Arizona"}}, {"pk": 19, "model": "peteslist.location", "fields": {"city": "sierra vista", "state": "Arizona"}}, {"pk": 20, "model": "peteslist.location", "fields": {"city": "tucson", "state": "Arizona"}}, {"pk": 21, "model": "peteslist.location", "fields": {"city": "yuma", "state": "Arizona"}}, {"pk": 22, "model": "peteslist.location", "fields": {"city": "fayetteville", "state": "Arkansas"}}, {"pk": 23, "model": "peteslist.location", "fields": {"city": "fort smith", "state": "Arkansas"}}, {"pk": 24, "model": "peteslist.location", "fields": {"city": "jonesboro", "state": "Arkansas"}}, {"pk": 25, "model": "peteslist.location", "fields": {"city": "little rock", "state": "Arkansas"}}, {"pk": 26, "model": "peteslist.location", "fields": {"city": "texarkana", "state": "Arkansas"}}, {"pk": 27, "model": "peteslist.location", "fields": {"city": "bakersfield", "state": "California"}}, {"pk": 28, "model": "peteslist.location", "fields": {"city": "chico", "state": "California"}}, {"pk": 29, "model": "peteslist.location", "fields": {"city": "fresno / madera", "state": "California"}}, {"pk": 30, "model": "peteslist.location", "fields": {"city": "gold country", "state": "California"}}, {"pk": 31, "model": "peteslist.location", "fields": {"city": "hanford-corcoran", "state": "California"}}, {"pk": 32, "model": "peteslist.location", "fields": {"city": "humboldt county", "state": "California"}}, {"pk": 33, "model": "peteslist.location", "fields": {"city": "imperial county", "state": "California"}}, {"pk": 34, "model": "peteslist.location", "fields": {"city": "inland empire", "state": "California"}}, {"pk": 35, "model": "peteslist.location", "fields": {"city": "los angeles", "state": "California"}}, {"pk": 36, "model": "peteslist.location", "fields": {"city": "mendocino county", "state": "California"}}, {"pk": 37, "model": "peteslist.location", "fields": {"city": "merced", "state": "California"}}, {"pk": 38, "model": "peteslist.location", "fields": {"city": "modesto", "state": "California"}}, {"pk": 39, "model": "peteslist.location", "fields": {"city": "monterey bay", "state": "California"}}, {"pk": 40, "model": "peteslist.location", "fields": {"city": "orange county", "state": "California"}}, {"pk": 41, "model": "peteslist.location", "fields": {"city": "palm springs", "state": "California"}}, {"pk": 42, "model": "peteslist.location", "fields": {"city": "redding", "state": "California"}}, {"pk": 43, "model": "peteslist.location", "fields": {"city": "sacramento", "state": "California"}}, {"pk": 44, "model": "peteslist.location", "fields": {"city": "san diego", "state": "California"}}, {"pk": 45, "model": "peteslist.location", "fields": {"city": "san francisco bay area", "state": "California"}}, {"pk": 46, "model": "peteslist.location", "fields": {"city": "san luis obispo", "state": "California"}}, {"pk": 47, "model": "peteslist.location", "fields": {"city": "santa barbara", "state": "California"}}, {"pk": 48, "model": "peteslist.location", "fields": {"city": "santa maria", "state": "California"}}, {"pk": 49, "model": "peteslist.location", "fields": {"city": "siskiyou county", "state": "California"}}, {"pk": 50, "model": "peteslist.location", "fields": {"city": "stockton", "state": "California"}}, {"pk": 51, "model": "peteslist.location", "fields": {"city": "susanville", "state": "California"}}, {"pk": 52, "model": "peteslist.location", "fields": {"city": "ventura county", "state": "California"}}, {"pk": 53, "model": "peteslist.location", "fields": {"city": "visalia-tulare", "state": "California"}}, {"pk": 54, "model": "peteslist.location", "fields": {"city": "yuba-sutter", "state": "California"}}, {"pk": 55, "model": "peteslist.location", "fields": {"city": "boulder", "state": "Colorodo"}}, {"pk": 56, "model": "peteslist.location", "fields": {"city": "colorado springs", "state": "Colorodo"}}, {"pk": 57, "model": "peteslist.location", "fields": {"city": "denver", "state": "Colorodo"}}, {"pk": 58, "model": "peteslist.location", "fields": {"city": "eastern CO", "state": "Colorodo"}}, {"pk": 59, "model": "peteslist.location", "fields": {"city": "fort collins / north CO", "state": "Colorodo"}}, {"pk": 60, "model": "peteslist.location", "fields": {"city": "high rockies", "state": "Colorodo"}}, {"pk": 61, "model": "peteslist.location", "fields": {"city": "pueblo", "state": "Colorodo"}}, {"pk": 62, "model": "peteslist.location", "fields": {"city": "western slope", "state": "Colorodo"}}, {"pk": 63, "model": "peteslist.location", "fields": {"city": "eastern CT", "state": "Connecticut"}}, {"pk": 64, "model": "peteslist.location", "fields": {"city": "hartford", "state": "Connecticut"}}, {"pk": 65, "model": "peteslist.location", "fields": {"city": "new haven", "state": "Connecticut"}}, {"pk": 66, "model": "peteslist.location", "fields": {"city": "northwest CT", "state": "Connecticut"}}, {"pk": 67, "model": "peteslist.location", "fields": {"city": "delaware", "state": "Delaware"}}, {"pk": 68, "model": "peteslist.location", "fields": {"city": "washington", "state": "District of Columbia"}}, {"pk": 69, "model": "peteslist.location", "fields": {"city": "broward county", "state": "Florida"}}, {"pk": 70, "model": "peteslist.location", "fields": {"city": "daytona beach", "state": "Florida"}}, {"pk": 71, "model": "peteslist.location", "fields": {"city": "florida keys", "state": "Florida"}}, {"pk": 72, "model": "peteslist.location", "fields": {"city": "fort lauderdale", "state": "Florida"}}, {"pk": 73, "model": "peteslist.location", "fields": {"city": "ft myers / SW florida", "state": "Florida"}}, {"pk": 74, "model": "peteslist.location", "fields": {"city": "gainesville", "state": "Florida"}}, {"pk": 75, "model": "peteslist.location", "fields": {"city": "heartland florida", "state": "Florida"}}, {"pk": 76, "model": "peteslist.location", "fields": {"city": "jacksonville", "state": "Florida"}}, {"pk": 77, "model": "peteslist.location", "fields": {"city": "lakeland", "state": "Florida"}}, {"pk": 78, "model": "peteslist.location", "fields": {"city": "miami / dade", "state": "Florida"}}, {"pk": 79, "model": "peteslist.location", "fields": {"city": "north central FL", "state": "Florida"}}, {"pk": 80, "model": "peteslist.location", "fields": {"city": "ocala", "state": "Florida"}}, {"pk": 81, "model": "peteslist.location", "fields": {"city": "okaloosa / walton", "state": "Florida"}}, {"pk": 82, "model": "peteslist.location", "fields": {"city": "orlando", "state": "Florida"}}, {"pk": 83, "model": "peteslist.location", "fields": {"city": "panama city", "state": "Florida"}}, {"pk": 84, "model": "peteslist.location", "fields": {"city": "pensacola", "state": "Florida"}}, {"pk": 85, "model": "peteslist.location", "fields": {"city": "sarasota-bradenton", "state": "Florida"}}, {"pk": 86, "model": "peteslist.location", "fields": {"city": "south florida", "state": "Florida"}}, {"pk": 87, "model": "peteslist.location", "fields": {"city": "space coast", "state": "Florida"}}, {"pk": 88, "model": "peteslist.location", "fields": {"city": "st augustine", "state": "Florida"}}, {"pk": 89, "model": "peteslist.location", "fields": {"city": "tallahassee", "state": "Florida"}}, {"pk": 90, "model": "peteslist.location", "fields": {"city": "tampa bay area", "state": "Florida"}}, {"pk": 91, "model": "peteslist.location", "fields": {"city": "treasure coast", "state": "Florida"}}, {"pk": 92, "model": "peteslist.location", "fields": {"city": "palm beach county", "state": "Florida"}}, {"pk": 93, "model": "peteslist.location", "fields": {"city": "albany", "state": "Georgia"}}, {"pk": 94, "model": "peteslist.location", "fields": {"city": "athens", "state": "Georgia"}}, {"pk": 95, "model": "peteslist.location", "fields": {"city": "atlanta", "state": "Georgia"}}, {"pk": 96, "model": "peteslist.location", "fields": {"city": "augusta", "state": "Georgia"}}, {"pk": 97, "model": "peteslist.location", "fields": {"city": "brunswick", "state": "Georgia"}}, {"pk": 98, "model": "peteslist.location", "fields": {"city": "columbus", "state": "Georgia"}}, {"pk": 99, "model": "peteslist.location", "fields": {"city": "macon / warner robins", "state": "Georgia"}}, {"pk": 100, "model": "peteslist.location", "fields": {"city": "northwest GA", "state": "Georgia"}}, {"pk": 101, "model": "peteslist.location", "fields": {"city": "savannah / hinesville", "state": "Georgia"}}, {"pk": 102, "model": "peteslist.location", "fields": {"city": "statesboro", "state": "Georgia"}}, {"pk": 103, "model": "peteslist.location", "fields": {"city": "valdosta", "state": "Georgia"}}, {"pk": 104, "model": "peteslist.location", "fields": {"city": "hawaii", "state": "Hawaii"}}, {"pk": 105, "model": "peteslist.location", "fields": {"city": "boise", "state": "Idaho"}}, {"pk": 106, "model": "peteslist.location", "fields": {"city": "east idaho", "state": "Idaho"}}, {"pk": 107, "model": "peteslist.location", "fields": {"city": "lewiston / clarkston", "state": "Idaho"}}, {"pk": 108, "model": "peteslist.location", "fields": {"city": "twin falls", "state": "Idaho"}}, {"pk": 109, "model": "peteslist.location", "fields": {"city": "bloomington-normal", "state": "Illinois"}}, {"pk": 110, "model": "peteslist.location", "fields": {"city": "champaign urbana", "state": "Illinois"}}, {"pk": 111, "model": "peteslist.location", "fields": {"city": "chicago", "state": "Illinois"}}, {"pk": 112, "model": "peteslist.location", "fields": {"city": "decatur", "state": "Illinois"}}, {"pk": 113, "model": "peteslist.location", "fields": {"city": "la salle co", "state": "Illinois"}}, {"pk": 114, "model": "peteslist.location", "fields": {"city": "mattoon-charleston", "state": "Illinois"}}, {"pk": 115, "model": "peteslist.location", "fields": {"city": "peoria", "state": "Illinois"}}, {"pk": 116, "model": "peteslist.location", "fields": {"city": "rockford", "state": "Illinois"}}, {"pk": 117, "model": "peteslist.location", "fields": {"city": "southern illinois", "state": "Illinois"}}, {"pk": 118, "model": "peteslist.location", "fields": {"city": "springfield", "state": "Illinois"}}, {"pk": 119, "model": "peteslist.location", "fields": {"city": "western IL", "state": "Illinois"}}, {"pk": 120, "model": "peteslist.location", "fields": {"city": "bloomington", "state": "Indiana"}}, {"pk": 121, "model": "peteslist.location", "fields": {"city": "evansville", "state": "Indiana"}}, {"pk": 122, "model": "peteslist.location", "fields": {"city": "fort wayne", "state": "Indiana"}}, {"pk": 123, "model": "peteslist.location", "fields": {"city": "indianapolis", "state": "Indiana"}}, {"pk": 124, "model": "peteslist.location", "fields": {"city": "kokomo", "state": "Indiana"}}, {"pk": 125, "model": "peteslist.location", "fields": {"city": "lafayette / west lafayette", "state": "Indiana"}}, {"pk": 126, "model": "peteslist.location", "fields": {"city": "muncie / anderson", "state": "Indiana"}}, {"pk": 127, "model": "peteslist.location", "fields": {"city": "richmond", "state": "Indiana"}}, {"pk": 128, "model": "peteslist.location", "fields": {"city": "south bend / michiana", "state": "Indiana"}}, {"pk": 129, "model": "peteslist.location", "fields": {"city": "terre haute", "state": "Indiana"}}, {"pk": 130, "model": "peteslist.location", "fields": {"city": "ames", "state": "Iowa"}}, {"pk": 131, "model": "peteslist.location", "fields": {"city": "cedar rapids", "state": "Iowa"}}, {"pk": 132, "model": "peteslist.location", "fields": {"city": "des moines", "state": "Iowa"}}, {"pk": 133, "model": "peteslist.location", "fields": {"city": "dubuque", "state": "Iowa"}}, {"pk": 134, "model": "peteslist.location", "fields": {"city": "fort dodge", "state": "Iowa"}}, {"pk": 135, "model": "peteslist.location", "fields": {"city": "iowa city", "state": "Iowa"}}, {"pk": 136, "model": "peteslist.location", "fields": {"city": "mason city", "state": "Iowa"}}, {"pk": 137, "model": "peteslist.location", "fields": {"city": "quad cities", "state": "Iowa"}}, {"pk": 138, "model": "peteslist.location", "fields": {"city": "sioux city", "state": "Iowa"}}, {"pk": 139, "model": "peteslist.location", "fields": {"city": "southeast IA", "state": "Iowa"}}, {"pk": 140, "model": "peteslist.location", "fields": {"city": "waterloo / cedar falls", "state": "Iowa"}}, {"pk": 141, "model": "peteslist.location", "fields": {"city": "lawrence", "state": "Kansas"}}, {"pk": 142, "model": "peteslist.location", "fields": {"city": "manhattan", "state": "Kansas"}}, {"pk": 143, "model": "peteslist.location", "fields": {"city": "northwest KS", "state": "Kansas"}}, {"pk": 144, "model": "peteslist.location", "fields": {"city": "salina", "state": "Kansas"}}, {"pk": 145, "model": "peteslist.location", "fields": {"city": "southeast KS", "state": "Kansas"}}, {"pk": 146, "model": "peteslist.location", "fields": {"city": "southwest KS", "state": "Kansas"}}, {"pk": 147, "model": "peteslist.location", "fields": {"city": "topeka", "state": "Kansas"}}, {"pk": 148, "model": "peteslist.location", "fields": {"city": "wichita", "state": "Kansas"}}, {"pk": 149, "model": "peteslist.location", "fields": {"city": "bowling green", "state": "Kentucky"}}, {"pk": 150, "model": "peteslist.location", "fields": {"city": "eastern kentucky", "state": "Kentucky"}}, {"pk": 151, "model": "peteslist.location", "fields": {"city": "lexington", "state": "Kentucky"}}, {"pk": 152, "model": "peteslist.location", "fields": {"city": "louisville", "state": "Kentucky"}}, {"pk": 153, "model": "peteslist.location", "fields": {"city": "owensboro", "state": "Kentucky"}}, {"pk": 154, "model": "peteslist.location", "fields": {"city": "western KY", "state": "Kentucky"}}, {"pk": 155, "model": "peteslist.location", "fields": {"city": "baton rouge", "state": "Louisiana"}}, {"pk": 156, "model": "peteslist.location", "fields": {"city": "central louisiana", "state": "Louisiana"}}, {"pk": 157, "model": "peteslist.location", "fields": {"city": "houma", "state": "Louisiana"}}, {"pk": 158, "model": "peteslist.location", "fields": {"city": "lafayette", "state": "Louisiana"}}, {"pk": 159, "model": "peteslist.location", "fields": {"city": "lake charles", "state": "Louisiana"}}, {"pk": 160, "model": "peteslist.location", "fields": {"city": "monroe", "state": "Louisiana"}}, {"pk": 161, "model": "peteslist.location", "fields": {"city": "new orleans", "state": "Louisiana"}}, {"pk": 162, "model": "peteslist.location", "fields": {"city": "shreveport", "state": "Louisiana"}}, {"pk": 163, "model": "peteslist.location", "fields": {"city": "maine", "state": "Maine"}}, {"pk": 164, "model": "peteslist.location", "fields": {"city": "annapolis", "state": "Maryland"}}, {"pk": 165, "model": "peteslist.location", "fields": {"city": "baltimore", "state": "Maryland"}}, {"pk": 166, "model": "peteslist.location", "fields": {"city": "eastern shore", "state": "Maryland"}}, {"pk": 167, "model": "peteslist.location", "fields": {"city": "frederick", "state": "Maryland"}}, {"pk": 168, "model": "peteslist.location", "fields": {"city": "southern maryland", "state": "Maryland"}}, {"pk": 169, "model": "peteslist.location", "fields": {"city": "western maryland", "state": "Maryland"}}, {"pk": 170, "model": "peteslist.location", "fields": {"city": "boston", "state": "Massachusetts"}}, {"pk": 171, "model": "peteslist.location", "fields": {"city": "cape cod / islands", "state": "Massachusetts"}}, {"pk": 172, "model": "peteslist.location", "fields": {"city": "south coast", "state": "Massachusetts"}}, {"pk": 173, "model": "peteslist.location", "fields": {"city": "western massachusetts", "state": "Massachusetts"}}, {"pk": 174, "model": "peteslist.location", "fields": {"city": "worcester / central MA", "state": "Massachusetts"}}, {"pk": 175, "model": "peteslist.location", "fields": {"city": "ann arbor", "state": "Michigan"}}, {"pk": 176, "model": "peteslist.location", "fields": {"city": "battle creek", "state": "Michigan"}}, {"pk": 177, "model": "peteslist.location", "fields": {"city": "central michigan", "state": "Michigan"}}, {"pk": 178, "model": "peteslist.location", "fields": {"city": "detroit metro", "state": "Michigan"}}, {"pk": 179, "model": "peteslist.location", "fields": {"city": "flint", "state": "Michigan"}}, {"pk": 180, "model": "peteslist.location", "fields": {"city": "grand rapids", "state": "Michigan"}}, {"pk": 181, "model": "peteslist.location", "fields": {"city": "holland", "state": "Michigan"}}, {"pk": 182, "model": "peteslist.location", "fields": {"city": "jackson", "state": "Michigan"}}, {"pk": 183, "model": "peteslist.location", "fields": {"city": "kalamazoo", "state": "Michigan"}}, {"pk": 184, "model": "peteslist.location", "fields": {"city": "lansing", "state": "Michigan"}}, {"pk": 185, "model": "peteslist.location", "fields": {"city": "monroe", "state": "Michigan"}}, {"pk": 186, "model": "peteslist.location", "fields": {"city": "muskegon", "state": "Michigan"}}, {"pk": 187, "model": "peteslist.location", "fields": {"city": "northern michigan", "state": "Michigan"}}, {"pk": 188, "model": "peteslist.location", "fields": {"city": "port huron", "state": "Michigan"}}, {"pk": 189, "model": "peteslist.location", "fields": {"city": "saginaw-midland-baycity", "state": "Michigan"}}, {"pk": 190, "model": "peteslist.location", "fields": {"city": "southwest michigan", "state": "Michigan"}}, {"pk": 191, "model": "peteslist.location", "fields": {"city": "the thumb", "state": "Michigan"}}, {"pk": 192, "model": "peteslist.location", "fields": {"city": "upper peninsula", "state": "Michigan"}}, {"pk": 193, "model": "peteslist.location", "fields": {"city": "bemidji", "state": "Minnesota"}}, {"pk": 194, "model": "peteslist.location", "fields": {"city": "brainerd", "state": "Minnesota"}}, {"pk": 195, "model": "peteslist.location", "fields": {"city": "duluth / superior", "state": "Minnesota"}}, {"pk": 196, "model": "peteslist.location", "fields": {"city": "mankato", "state": "Minnesota"}}, {"pk": 197, "model": "peteslist.location", "fields": {"city": "minneapolis / st paul", "state": "Minnesota"}}, {"pk": 198, "model": "peteslist.location", "fields": {"city": "rochester", "state": "Minnesota"}}, {"pk": 199, "model": "peteslist.location", "fields": {"city": "southwest MN", "state": "Minnesota"}}, {"pk": 200, "model": "peteslist.location", "fields": {"city": "st cloud", "state": "Minnesota"}}, {"pk": 201, "model": "peteslist.location", "fields": {"city": "gulfport / biloxi", "state": "Mississippi"}}, {"pk": 202, "model": "peteslist.location", "fields": {"city": "hattiesburg", "state": "Mississippi"}}, {"pk": 203, "model": "peteslist.location", "fields": {"city": "jackson", "state": "Mississippi"}}, {"pk": 204, "model": "peteslist.location", "fields": {"city": "meridian", "state": "Mississippi"}}, {"pk": 205, "model": "peteslist.location", "fields": {"city": "north mississippi", "state": "Mississippi"}}, {"pk": 206, "model": "peteslist.location", "fields": {"city": "southwest MS", "state": "Mississippi"}}, {"pk": 207, "model": "peteslist.location", "fields": {"city": "columbia / jeff city", "state": "Missouri"}}, {"pk": 208, "model": "peteslist.location", "fields": {"city": "joplin", "state": "Missouri"}}, {"pk": 209, "model": "peteslist.location", "fields": {"city": "kansas city", "state": "Missouri"}}, {"pk": 210, "model": "peteslist.location", "fields": {"city": "kirksville", "state": "Missouri"}}, {"pk": 211, "model": "peteslist.location", "fields": {"city": "lake of the ozarks", "state": "Missouri"}}, {"pk": 212, "model": "peteslist.location", "fields": {"city": "southeast missouri", "state": "Missouri"}}, {"pk": 213, "model": "peteslist.location", "fields": {"city": "springfield", "state": "Missouri"}}, {"pk": 214, "model": "peteslist.location", "fields": {"city": "st joseph", "state": "Missouri"}}, {"pk": 215, "model": "peteslist.location", "fields": {"city": "st louis", "state": "Missouri"}}, {"pk": 216, "model": "peteslist.location", "fields": {"city": "billings", "state": "Montana"}}, {"pk": 217, "model": "peteslist.location", "fields": {"city": "bozeman", "state": "Montana"}}, {"pk": 218, "model": "peteslist.location", "fields": {"city": "butte", "state": "Montana"}}, {"pk": 219, "model": "peteslist.location", "fields": {"city": "great falls", "state": "Montana"}}, {"pk": 220, "model": "peteslist.location", "fields": {"city": "helena", "state": "Montana"}}, {"pk": 221, "model": "peteslist.location", "fields": {"city": "kalispell", "state": "Montana"}}, {"pk": 222, "model": "peteslist.location", "fields": {"city": "missoula", "state": "Montana"}}, {"pk": 223, "model": "peteslist.location", "fields": {"city": "eastern montana", "state": "Montana"}}, {"pk": 224, "model": "peteslist.location", "fields": {"city": "grand island", "state": "Nebraska"}}, {"pk": 225, "model": "peteslist.location", "fields": {"city": "lincoln", "state": "Nebraska"}}, {"pk": 226, "model": "peteslist.location", "fields": {"city": "north platte", "state": "Nebraska"}}, {"pk": 227, "model": "peteslist.location", "fields": {"city": "omaha / council bluffs", "state": "Nebraska"}}, {"pk": 228, "model": "peteslist.location", "fields": {"city": "scottsbluff / panhandle", "state": "Nebraska"}}, {"pk": 229, "model": "peteslist.location", "fields": {"city": "elko", "state": "Nevada"}}, {"pk": 230, "model": "peteslist.location", "fields": {"city": "las vegas", "state": "Nevada"}}, {"pk": 231, "model": "peteslist.location", "fields": {"city": "reno / tahoe", "state": "Nevada"}}, {"pk": 232, "model": "peteslist.location", "fields": {"city": "new hampshire", "state": "New Hampshire"}}, {"pk": 233, "model": "peteslist.location", "fields": {"city": "central NJ", "state": "New Jersey"}}, {"pk": 234, "model": "peteslist.location", "fields": {"city": "jersey shore", "state": "New Jersey"}}, {"pk": 235, "model": "peteslist.location", "fields": {"city": "north jersey", "state": "New Jersey"}}, {"pk": 236, "model": "peteslist.location", "fields": {"city": "south jersey", "state": "New Jersey"}}, {"pk": 237, "model": "peteslist.location", "fields": {"city": "albuquerque", "state": "New Mexico"}}, {"pk": 238, "model": "peteslist.location", "fields": {"city": "clovis / portales", "state": "New Mexico"}}, {"pk": 239, "model": "peteslist.location", "fields": {"city": "farmington", "state": "New Mexico"}}, {"pk": 240, "model": "peteslist.location", "fields": {"city": "las cruces", "state": "New Mexico"}}, {"pk": 241, "model": "peteslist.location", "fields": {"city": "roswell / carlsbad", "state": "New Mexico"}}, {"pk": 242, "model": "peteslist.location", "fields": {"city": "santa fe / taos", "state": "New Mexico"}}, {"pk": 243, "model": "peteslist.location", "fields": {"city": "albany", "state": "New York"}}, {"pk": 244, "model": "peteslist.location", "fields": {"city": "binghamton", "state": "New York"}}, {"pk": 245, "model": "peteslist.location", "fields": {"city": "buffalo", "state": "New York"}}, {"pk": 246, "model": "peteslist.location", "fields": {"city": "catskills", "state": "New York"}}, {"pk": 247, "model": "peteslist.location", "fields": {"city": "chautauqua", "state": "New York"}}, {"pk": 248, "model": "peteslist.location", "fields": {"city": "elmira-corning", "state": "New York"}}, {"pk": 249, "model": "peteslist.location", "fields": {"city": "finger lakes", "state": "New York"}}, {"pk": 250, "model": "peteslist.location", "fields": {"city": "glens falls", "state": "New York"}}, {"pk": 251, "model": "peteslist.location", "fields": {"city": "hudson valley", "state": "New York"}}, {"pk": 252, "model": "peteslist.location", "fields": {"city": "ithaca", "state": "New York"}}, {"pk": 253, "model": "peteslist.location", "fields": {"city": "long island", "state": "New York"}}, {"pk": 254, "model": "peteslist.location", "fields": {"city": "new york city", "state": "New York"}}, {"pk": 255, "model": "peteslist.location", "fields": {"city": "oneonta", "state": "New York"}}, {"pk": 256, "model": "peteslist.location", "fields": {"city": "plattsburgh-adirondacks", "state": "New York"}}, {"pk": 257, "model": "peteslist.location", "fields": {"city": "potsdam-canton-massena", "state": "New York"}}, {"pk": 258, "model": "peteslist.location", "fields": {"city": "rochester", "state": "New York"}}, {"pk": 259, "model": "peteslist.location", "fields": {"city": "syracuse", "state": "New York"}}, {"pk": 260, "model": "peteslist.location", "fields": {"city": "twin tiers NY/PA", "state": "New York"}}, {"pk": 261, "model": "peteslist.location", "fields": {"city": "utica-rome-oneida", "state": "New York"}}, {"pk": 262, "model": "peteslist.location", "fields": {"city": "watertown", "state": "New York"}}, {"pk": 263, "model": "peteslist.location", "fields": {"city": "asheville", "state": "North Carolina"}}, {"pk": 264, "model": "peteslist.location", "fields": {"city": "boone", "state": "North Carolina"}}, {"pk": 265, "model": "peteslist.location", "fields": {"city": "charlotte", "state": "North Carolina"}}, {"pk": 266, "model": "peteslist.location", "fields": {"city": "eastern NC", "state": "North Carolina"}}, {"pk": 267, "model": "peteslist.location", "fields": {"city": "fayetteville", "state": "North Carolina"}}, {"pk": 268, "model": "peteslist.location", "fields": {"city": "greensboro", "state": "North Carolina"}}, {"pk": 269, "model": "peteslist.location", "fields": {"city": "hickory / lenoir", "state": "North Carolina"}}, {"pk": 270, "model": "peteslist.location", "fields": {"city": "jacksonville", "state": "North Carolina"}}, {"pk": 271, "model": "peteslist.location", "fields": {"city": "outer banks", "state": "North Carolina"}}, {"pk": 272, "model": "peteslist.location", "fields": {"city": "raleigh / durham / CH", "state": "North Carolina"}}, {"pk": 273, "model": "peteslist.location", "fields": {"city": "wilmington", "state": "North Carolina"}}, {"pk": 274, "model": "peteslist.location", "fields": {"city": "winston-salem", "state": "North Carolina"}}, {"pk": 275, "model": "peteslist.location", "fields": {"city": "bismarck", "state": "North Dakota"}}, {"pk": 276, "model": "peteslist.location", "fields": {"city": "fargo / moorhead", "state": "North Dakota"}}, {"pk": 277, "model": "peteslist.location", "fields": {"city": "grand forks", "state": "North Dakota"}}, {"pk": 278, "model": "peteslist.location", "fields": {"city": "north dakota", "state": "North Dakota"}}, {"pk": 279, "model": "peteslist.location", "fields": {"city": "akron / canton", "state": "Ohio"}}, {"pk": 280, "model": "peteslist.location", "fields": {"city": "ashtabula", "state": "Ohio"}}, {"pk": 281, "model": "peteslist.location", "fields": {"city": "athens", "state": "Ohio"}}, {"pk": 282, "model": "peteslist.location", "fields": {"city": "chillicothe", "state": "Ohio"}}, {"pk": 283, "model": "peteslist.location", "fields": {"city": "cincinnati", "state": "Ohio"}}, {"pk": 284, "model": "peteslist.location", "fields": {"city": "cleveland", "state": "Ohio"}}, {"pk": 285, "model": "peteslist.location", "fields": {"city": "columbus", "state": "Ohio"}}, {"pk": 286, "model": "peteslist.location", "fields": {"city": "dayton / springfield", "state": "Ohio"}}, {"pk": 287, "model": "peteslist.location", "fields": {"city": "lima / findlay", "state": "Ohio"}}, {"pk": 288, "model": "peteslist.location", "fields": {"city": "mansfield", "state": "Ohio"}}, {"pk": 289, "model": "peteslist.location", "fields": {"city": "sandusky", "state": "Ohio"}}, {"pk": 290, "model": "peteslist.location", "fields": {"city": "toledo", "state": "Ohio"}}, {"pk": 291, "model": "peteslist.location", "fields": {"city": "tuscarawas co", "state": "Ohio"}}, {"pk": 292, "model": "peteslist.location", "fields": {"city": "youngstown", "state": "Ohio"}}, {"pk": 293, "model": "peteslist.location", "fields": {"city": "zanesville / cambridge", "state": "Ohio"}}, {"pk": 294, "model": "peteslist.location", "fields": {"city": "lawton", "state": "Oklahoma"}}, {"pk": 295, "model": "peteslist.location", "fields": {"city": "northwest OK", "state": "Oklahoma"}}, {"pk": 296, "model": "peteslist.location", "fields": {"city": "oklahoma city", "state": "Oklahoma"}}, {"pk": 297, "model": "peteslist.location", "fields": {"city": "stillwater", "state": "Oklahoma"}}, {"pk": 298, "model": "peteslist.location", "fields": {"city": "tulsa", "state": "Oklahoma"}}, {"pk": 299, "model": "peteslist.location", "fields": {"city": "bend", "state": "Oregon"}}, {"pk": 300, "model": "peteslist.location", "fields": {"city": "corvallis/albany", "state": "Oregon"}}, {"pk": 301, "model": "peteslist.location", "fields": {"city": "east oregon", "state": "Oregon"}}, {"pk": 302, "model": "peteslist.location", "fields": {"city": "eugene", "state": "Oregon"}}, {"pk": 303, "model": "peteslist.location", "fields": {"city": "klamath falls", "state": "Oregon"}}, {"pk": 304, "model": "peteslist.location", "fields": {"city": "medford-ashland", "state": "Oregon"}}, {"pk": 305, "model": "peteslist.location", "fields": {"city": "oregon coast", "state": "Oregon"}}, {"pk": 306, "model": "peteslist.location", "fields": {"city": "portland", "state": "Oregon"}}, {"pk": 307, "model": "peteslist.location", "fields": {"city": "roseburg", "state": "Oregon"}}, {"pk": 308, "model": "peteslist.location", "fields": {"city": "salem", "state": "Oregon"}}, {"pk": 309, "model": "peteslist.location", "fields": {"city": "altoona-johnstown", "state": "Pennsylvania"}}, {"pk": 310, "model": "peteslist.location", "fields": {"city": "cumberland valley", "state": "Pennsylvania"}}, {"pk": 311, "model": "peteslist.location", "fields": {"city": "erie", "state": "Pennsylvania"}}, {"pk": 312, "model": "peteslist.location", "fields": {"city": "harrisburg", "state": "Pennsylvania"}}, {"pk": 313, "model": "peteslist.location", "fields": {"city": "lancaster", "state": "Pennsylvania"}}, {"pk": 314, "model": "peteslist.location", "fields": {"city": "lehigh valley", "state": "Pennsylvania"}}, {"pk": 315, "model": "peteslist.location", "fields": {"city": "meadville", "state": "Pennsylvania"}}, {"pk": 316, "model": "peteslist.location", "fields": {"city": "philadelphia", "state": "Pennsylvania"}}, {"pk": 317, "model": "peteslist.location", "fields": {"city": "pittsburgh", "state": "Pennsylvania"}}, {"pk": 318, "model": "peteslist.location", "fields": {"city": "poconos", "state": "Pennsylvania"}}, {"pk": 319, "model": "peteslist.location", "fields": {"city": "reading", "state": "Pennsylvania"}}, {"pk": 320, "model": "peteslist.location", "fields": {"city": "scranton / wilkes-barre", "state": "Pennsylvania"}}, {"pk": 321, "model": "peteslist.location", "fields": {"city": "state college", "state": "Pennsylvania"}}, {"pk": 322, "model": "peteslist.location", "fields": {"city": "williamsport", "state": "Pennsylvania"}}, {"pk": 323, "model": "peteslist.location", "fields": {"city": "york", "state": "Pennsylvania"}}, {"pk": 324, "model": "peteslist.location", "fields": {"city": "rhode island", "state": "Rhode Island"}}, {"pk": 325, "model": "peteslist.location", "fields": {"city": "charleston", "state": "South Carolina"}}, {"pk": 326, "model": "peteslist.location", "fields": {"city": "columbia", "state": "South Carolina"}}, {"pk": 327, "model": "peteslist.location", "fields": {"city": "florence", "state": "South Carolina"}}, {"pk": 328, "model": "peteslist.location", "fields": {"city": "greenville / upstate", "state": "South Carolina"}}, {"pk": 329, "model": "peteslist.location", "fields": {"city": "hilton head", "state": "South Carolina"}}, {"pk": 330, "model": "peteslist.location", "fields": {"city": "myrtle beach", "state": "South Carolina"}}, {"pk": 331, "model": "peteslist.location", "fields": {"city": "northeast SD", "state": "South Dakota"}}, {"pk": 332, "model": "peteslist.location", "fields": {"city": "pierre / central SD", "state": "South Dakota"}}, {"pk": 333, "model": "peteslist.location", "fields": {"city": "rapid city / west SD", "state": "South Dakota"}}, {"pk": 334, "model": "peteslist.location", "fields": {"city": "sioux falls / SE SD", "state": "South Dakota"}}, {"pk": 335, "model": "peteslist.location", "fields": {"city": "south dakota", "state": "South Dakota"}}, {"pk": 336, "model": "peteslist.location", "fields": {"city": "chattanooga", "state": "Tennessee"}}, {"pk": 337, "model": "peteslist.location", "fields": {"city": "clarksville", "state": "Tennessee"}}, {"pk": 338, "model": "peteslist.location", "fields": {"city": "cookeville", "state": "Tennessee"}}, {"pk": 339, "model": "peteslist.location", "fields": {"city": "jackson", "state": "Tennessee"}}, {"pk": 340, "model": "peteslist.location", "fields": {"city": "knoxville", "state": "Tennessee"}}, {"pk": 341, "model": "peteslist.location", "fields": {"city": "memphis", "state": "Tennessee"}}, {"pk": 342, "model": "peteslist.location", "fields": {"city": "nashville", "state": "Tennessee"}}, {"pk": 343, "model": "peteslist.location", "fields": {"city": "tri-cities", "state": "Tennessee"}}, {"pk": 344, "model": "peteslist.location", "fields": {"city": "abilene", "state": "Texas"}}, {"pk": 345, "model": "peteslist.location", "fields": {"city": "amarillo", "state": "Texas"}}, {"pk": 346, "model": "peteslist.location", "fields": {"city": "austin", "state": "Texas"}}, {"pk": 347, "model": "peteslist.location", "fields": {"city": "beaumont / port arthur", "state": "Texas"}}, {"pk": 348, "model": "peteslist.location", "fields": {"city": "brownsville", "state": "Texas"}}, {"pk": 349, "model": "peteslist.location", "fields": {"city": "college station", "state": "Texas"}}, {"pk": 350, "model": "peteslist.location", "fields": {"city": "corpus christi", "state": "Texas"}}, {"pk": 351, "model": "peteslist.location", "fields": {"city": "dallas / fort worth", "state": "Texas"}}, {"pk": 352, "model": "peteslist.location", "fields": {"city": "deep east texas", "state": "Texas"}}, {"pk": 353, "model": "peteslist.location", "fields": {"city": "del rio / eagle pass", "state": "Texas"}}, {"pk": 354, "model": "peteslist.location", "fields": {"city": "el paso", "state": "Texas"}}, {"pk": 355, "model": "peteslist.location", "fields": {"city": "galveston", "state": "Texas"}}, {"pk": 356, "model": "peteslist.location", "fields": {"city": "houston", "state": "Texas"}}, {"pk": 357, "model": "peteslist.location", "fields": {"city": "killeen / temple / ft hood", "state": "Texas"}}, {"pk": 358, "model": "peteslist.location", "fields": {"city": "laredo", "state": "Texas"}}, {"pk": 359, "model": "peteslist.location", "fields": {"city": "lubbock", "state": "Texas"}}, {"pk": 360, "model": "peteslist.location", "fields": {"city": "mcallen / edinburg", "state": "Texas"}}, {"pk": 361, "model": "peteslist.location", "fields": {"city": "odessa / midland", "state": "Texas"}}, {"pk": 362, "model": "peteslist.location", "fields": {"city": "san angelo", "state": "Texas"}}, {"pk": 363, "model": "peteslist.location", "fields": {"city": "san antonio", "state": "Texas"}}, {"pk": 364, "model": "peteslist.location", "fields": {"city": "san marcos", "state": "Texas"}}, {"pk": 365, "model": "peteslist.location", "fields": {"city": "southwest TX", "state": "Texas"}}, {"pk": 366, "model": "peteslist.location", "fields": {"city": "texoma", "state": "Texas"}}, {"pk": 367, "model": "peteslist.location", "fields": {"city": "tyler / east TX", "state": "Texas"}}, {"pk": 368, "model": "peteslist.location", "fields": {"city": "victoria", "state": "Texas"}}, {"pk": 369, "model": "peteslist.location", "fields": {"city": "waco", "state": "Texas"}}, {"pk": 370, "model": "peteslist.location", "fields": {"city": "wichita falls", "state": "Texas"}}, {"pk": 371, "model": "peteslist.location", "fields": {"city": "logan", "state": "Utah"}}, {"pk": 372, "model": "peteslist.location", "fields": {"city": "ogden-clearfield", "state": "Utah"}}, {"pk": 373, "model": "peteslist.location", "fields": {"city": "provo / orem", "state": "Utah"}}, {"pk": 374, "model": "peteslist.location", "fields": {"city": "salt lake city", "state": "Utah"}}, {"pk": 375, "model": "peteslist.location", "fields": {"city": "st george", "state": "Utah"}}, {"pk": 376, "model": "peteslist.location", "fields": {"city": "vermont", "state": "Vermont"}}, {"pk": 377, "model": "peteslist.location", "fields": {"city": "charlottesville", "state": "Virginia"}}, {"pk": 378, "model": "peteslist.location", "fields": {"city": "danville", "state": "Virginia"}}, {"pk": 379, "model": "peteslist.location", "fields": {"city": "fredericksburg", "state": "Virginia"}}, {"pk": 380, "model": "peteslist.location", "fields": {"city": "hampton roads", "state": "Virginia"}}, {"pk": 381, "model": "peteslist.location", "fields": {"city": "harrisonburg", "state": "Virginia"}}, {"pk": 382, "model": "peteslist.location", "fields": {"city": "lynchburg", "state": "Virginia"}}, {"pk": 383, "model": "peteslist.location", "fields": {"city": "new river valley", "state": "Virginia"}}, {"pk": 384, "model": "peteslist.location", "fields": {"city": "richmond", "state": "Virginia"}}, {"pk": 385, "model": "peteslist.location", "fields": {"city": "roanoke", "state": "Virginia"}}, {"pk": 386, "model": "peteslist.location", "fields": {"city": "southwest VA", "state": "Virginia"}}, {"pk": 387, "model": "peteslist.location", "fields": {"city": "winchester", "state": "Virginia"}}, {"pk": 388, "model": "peteslist.location", "fields": {"city": "bellingham", "state": "Washington"}}, {"pk": 389, "model": "peteslist.location", "fields": {"city": "kennewick-pasco-richland", "state": "Washington"}}, {"pk": 390, "model": "peteslist.location", "fields": {"city": "moses lake", "state": "Washington"}}, {"pk": 391, "model": "peteslist.location", "fields": {"city": "olympic peninsula", "state": "Washington"}}, {"pk": 392, "model": "peteslist.location", "fields": {"city": "pullman / moscow", "state": "Washington"}}, {"pk": 393, "model": "peteslist.location", "fields": {"city": "seattle-tacoma", "state": "Washington"}}, {"pk": 394, "model": "peteslist.location", "fields": {"city": "skagit / island / SJI", "state": "Washington"}}, {"pk": 395, "model": "peteslist.location", "fields": {"city": "spokane / coeur d'alene", "state": "Washington"}}, {"pk": 396, "model": "peteslist.location", "fields": {"city": "wenatchee", "state": "Washington"}}, {"pk": 397, "model": "peteslist.location", "fields": {"city": "yakima", "state": "Washington"}}, {"pk": 398, "model": "peteslist.location", "fields": {"city": "charleston", "state": "West Virginia"}}, {"pk": 399, "model": "peteslist.location", "fields": {"city": "eastern panhandle", "state": "West Virginia"}}, {"pk": 400, "model": "peteslist.location", "fields": {"city": "huntington-ashland", "state": "West Virginia"}}, {"pk": 401, "model": "peteslist.location", "fields": {"city": "morgantown", "state": "West Virginia"}}, {"pk": 402, "model": "peteslist.location", "fields": {"city": "northern panhandle", "state": "West Virginia"}}, {"pk": 403, "model": "peteslist.location", "fields": {"city": "parkersburg-marietta", "state": "West Virginia"}}, {"pk": 404, "model": "peteslist.location", "fields": {"city": "southern WV", "state": "West Virginia"}}, {"pk": 405, "model": "peteslist.location", "fields": {"city": "west virginia (old)", "state": "West Virginia"}}, {"pk": 406, "model": "peteslist.location", "fields": {"city": "appleton-oshkosh-FDL", "state": "Wisconsin"}}, {"pk": 407, "model": "peteslist.location", "fields": {"city": "eau claire", "state": "Wisconsin"}}, {"pk": 408, "model": "peteslist.location", "fields": {"city": "green bay", "state": "Wisconsin"}}, {"pk": 409, "model": "peteslist.location", "fields": {"city": "janesville", "state": "Wisconsin"}}, {"pk": 410, "model": "peteslist.location", "fields": {"city": "kenosha-racine", "state": "Wisconsin"}}, {"pk": 411, "model": "peteslist.location", "fields": {"city": "la crosse", "state": "Wisconsin"}}, {"pk": 412, "model": "peteslist.location", "fields": {"city": "madison", "state": "Wisconsin"}}, {"pk": 413, "model": "peteslist.location", "fields": {"city": "milwaukee", "state": "Wisconsin"}}, {"pk": 414, "model": "peteslist.location", "fields": {"city": "northern WI", "state": "Wisconsin"}}, {"pk": 415, "model": "peteslist.location", "fields": {"city": "sheboygan", "state": "Wisconsin"}}, {"pk": 416, "model": "peteslist.location", "fields": {"city": "wausau", "state": "Wisconsin"}}, {"pk": 417, "model": "peteslist.location", "fields": {"city": "wyoming", "state": "Wyoming"}}, {"pk": 418, "model": "peteslist.location", "fields": {"city": "guam-micronesia", "state": "Territories"}}, {"pk": 419, "model": "peteslist.location", "fields": {"city": "puerto rico", "state": "Territories"}}, {"pk": 420, "model": "peteslist.location", "fields": {"city": "U.S. virgin islands", "state": "Territories"}}, {"pk": 1, "model": "peteslist.type", "fields": {"title": "community"}}, {"pk": 2, "model": "peteslist.type", "fields": {"title": "housing"}}, {"pk": 3, "model": "peteslist.type", "fields": {"title": "for sale"}}, {"pk": 4, "model": "peteslist.type", "fields": {"title": "services"}}, {"pk": 5, "model": "peteslist.type", "fields": {"title": "jobs"}}, {"pk": 6, "model": "peteslist.type", "fields": {"title": "gigs"}}, {"pk": 1, "model": "peteslist.category", "fields": {"title": "activities", "type": 1}}, {"pk": 2, "model": "peteslist.category", "fields": {"title": "artists", "type": 1}}, {"pk": 3, "model": "peteslist.category", "fields": {"title": "childcare", "type": 1}}, {"pk": 4, "model": "peteslist.category", "fields": {"title": "classes", "type": 1}}, {"pk": 5, "model": "peteslist.category", "fields": {"title": "general", "type": 1}}, {"pk": 6, "model": "peteslist.category", "fields": {"title": "groups", "type": 1}}, {"pk": 7, "model": "peteslist.category", "fields": {"title": "local news", "type": 1}}, {"pk": 8, "model": "peteslist.category", "fields": {"title": "lost+found", "type": 1}}, {"pk": 9, "model": "peteslist.category", "fields": {"title": "musicians", "type": 1}}, {"pk": 10, "model": "peteslist.category", "fields": {"title": "pets", "type": 1}}, {"pk": 11, "model": "peteslist.category", "fields": {"title": "politics", "type": 1}}, {"pk": 12, "model": "peteslist.category", "fields": {"title": "rideshare", "type": 1}}, {"pk": 13, "model": "peteslist.category", "fields": {"title": "volunteers", "type": 1}}, {"pk": 14, "model": "peteslist.category", "fields": {"title": "apts / housing", "type": 2}}, {"pk": 15, "model": "peteslist.category", "fields": {"title": "housing swap", "type": 2}}, {"pk": 16, "model": "peteslist.category", "fields": {"title": "housing wanted", "type": 2}}, {"pk": 17, "model": "peteslist.category", "fields": {"title": "office / commercial", "type": 2}}, {"pk": 18, "model": "peteslist.category", "fields": {"title": "parking / storage", "type": 2}}, {"pk": 19, "model": "peteslist.category", "fields": {"title": "real estate for sale", "type": 2}}, {"pk": 20, "model": "peteslist.category", "fields": {"title": "rooms / shared", "type": 2}}, {"pk": 21, "model": "peteslist.category", "fields": {"title": "rooms wanted", "type": 2}}, {"pk": 22, "model": "peteslist.category", "fields": {"title": "sublets / temporary", "type": 2}}, {"pk": 23, "model": "peteslist.category", "fields": {"title": "vacation rentals", "type": 2}}, {"pk": 24, "model": "peteslist.category", "fields": {"title": "antiques", "type": 3}}, {"pk": 25, "model": "peteslist.category", "fields": {"title": "appliances", "type": 3}}, {"pk": 26, "model": "peteslist.category", "fields": {"title": "arts+crafts", "type": 3}}, {"pk": 27, "model": "peteslist.category", "fields": {"title": "atv/utv/sno", "type": 3}}, {"pk": 28, "model": "peteslist.category", "fields": {"title": "auto parts", "type": 3}}, {"pk": 29, "model": "peteslist.category", "fields": {"title": "baby+kid", "type": 3}}, {"pk": 30, "model": "peteslist.category", "fields": {"title": "barter", "type": 3}}, {"pk": 31, "model": "peteslist.category", "fields": {"title": "beauty+hlth", "type": 3}}, {"pk": 32, "model": "peteslist.category", "fields": {"title": "bikes", "type": 3}}, {"pk": 33, "model": "peteslist.category", "fields": {"title": "boats", "type": 3}}, {"pk": 34, "model": "peteslist.category", "fields": {"title": "books", "type": 3}}, {"pk": 35, "model": "peteslist.category", "fields": {"title": "business", "type": 3}}, {"pk": 36, "model": "peteslist.category", "fields": {"title": "cars+trucks", "type": 3}}, {"pk": 37, "model": "peteslist.category", "fields": {"title": "cds/dvd/vhs", "type": 3}}, {"pk": 38, "model": "peteslist.category", "fields": {"title": "cell phones", "type": 3}}, {"pk": 39, "model": "peteslist.category", "fields": {"title": "clothes+acc", "type": 3}}, {"pk": 40, "model": "peteslist.category", "fields": {"title": "collectibles", "type": 3}}, {"pk": 41, "model": "peteslist.category", "fields": {"title": "computers", "type": 3}}, {"pk": 42, "model": "peteslist.category", "fields": {"title": "electronics", "type": 3}}, {"pk": 43, "model": "peteslist.category", "fields": {"title": "farm+garden", "type": 3}}, {"pk": 44, "model": "peteslist.category", "fields": {"title": "free", "type": 3}}, {"pk": 45, "model": "peteslist.category", "fields": {"title": "furniture", "type": 3}}, {"pk": 46, "model": "peteslist.category", "fields": {"title": "garage sale", "type": 3}}, {"pk": 47, "model": "peteslist.category", "fields": {"title": "general", "type": 3}}, {"pk": 48, "model": "peteslist.category", "fields": {"title": "heavy equip", "type": 3}}, {"pk": 49, "model": "peteslist.category", "fields": {"title": "household", "type": 3}}, {"pk": 50, "model": "peteslist.category", "fields": {"title": "jewelry", "type": 3}}, {"pk": 51, "model": "peteslist.category", "fields": {"title": "materials", "type": 3}}, {"pk": 52, "model": "peteslist.category", "fields": {"title": "motorcycles", "type": 3}}, {"pk": 53, "model": "peteslist.category", "fields": {"title": "music instr", "type": 3}}, {"pk": 54, "model": "peteslist.category", "fields": {"title": "photo+video", "type": 3}}, {"pk": 55, "model": "peteslist.category", "fields": {"title": "rvs+camp", "type": 3}}, {"pk": 56, "model": "peteslist.category", "fields": {"title": "sporting", "type": 3}}, {"pk": 57, "model": "peteslist.category", "fields": {"title": "tickets", "type": 3}}, {"pk": 58, "model": "peteslist.category", "fields": {"title": "tools", "type": 3}}, {"pk": 59, "model": "peteslist.category", "fields": {"title": "toys+games", "type": 3}}, {"pk": 60, "model": "peteslist.category", "fields": {"title": "video gaming", "type": 3}}, {"pk": 61, "model": "peteslist.category", "fields": {"title": "wanted", "type": 3}}, {"pk": 62, "model": "peteslist.category", "fields": {"title": "automotive", "type": 4}}, {"pk": 63, "model": "peteslist.category", "fields": {"title": "beauty", "type": 4}}, {"pk": 64, "model": "peteslist.category", "fields": {"title": "computer", "type": 4}}, {"pk": 65, "model": "peteslist.category", "fields": {"title": "creative", "type": 4}}, {"pk": 66, "model": "peteslist.category", "fields": {"title": "cycle", "type": 4}}, {"pk": 67, "model": "peteslist.category", "fields": {"title": "event", "type": 4}}, {"pk": 68, "model": "peteslist.category", "fields": {"title": "farm+garden", "type": 4}}, {"pk": 69, "model": "peteslist.category", "fields": {"title": "financial", "type": 4}}, {"pk": 70, "model": "peteslist.category", "fields": {"title": "household", "type": 4}}, {"pk": 71, "model": "peteslist.category", "fields": {"title": "labor/move", "type": 4}}, {"pk": 72, "model": "peteslist.category", "fields": {"title": "legal", "type": 4}}, {"pk": 73, "model": "peteslist.category", "fields": {"title": "lessons", "type": 4}}, {"pk": 74, "model": "peteslist.category", "fields": {"title": "marine", "type": 4}}, {"pk": 75, "model": "peteslist.category", "fields": {"title": "pet", "type": 4}}, {"pk": 76, "model": "peteslist.category", "fields": {"title": "real estate", "type": 4}}, {"pk": 77, "model": "peteslist.category", "fields": {"title": "skill'd trade", "type": 4}}, {"pk": 78, "model": "peteslist.category", "fields": {"title": "sm biz ads", "type": 4}}, {"pk": 79, "model": "peteslist.category", "fields": {"title": "therapeutic", "type": 4}}, {"pk": 80, "model": "peteslist.category", "fields": {"title": "travel/vac", "type": 4}}, {"pk": 81, "model": "peteslist.category", "fields": {"title": "write/ed/tr8", "type": 4}}, {"pk": 82, "model": "peteslist.category", "fields": {"title": "accounting+finance", "type": 5}}, {"pk": 83, "model": "peteslist.category", "fields": {"title": "admin / office", "type": 5}}, {"pk": 84, "model": "peteslist.category", "fields": {"title": "arch / engineering", "type": 5}}, {"pk": 85, "model": "peteslist.category", "fields": {"title": "art / media / design", "type": 5}}, {"pk": 86, "model": "peteslist.category", "fields": {"title": "biotech / science", "type": 5}}, {"pk": 87, "model": "peteslist.category", "fields": {"title": "business / mgmt", "type": 5}}, {"pk": 88, "model": "peteslist.category", "fields": {"title": "customer service", "type": 5}}, {"pk": 89, "model": "peteslist.category", "fields": {"title": "education", "type": 5}}, {"pk": 90, "model": "peteslist.category", "fields": {"title": "food / bev / hosp", "type": 5}}, {"pk": 91, "model": "peteslist.category", "fields": {"title": "general labor", "type": 5}}, {"pk": 92, "model": "peteslist.category", "fields": {"title": "government", "type": 5}}, {"pk": 93, "model": "peteslist.category", "fields": {"title": "human resources", "type": 5}}, {"pk": 94, "model": "peteslist.category", "fields": {"title": "internet engineers", "type": 5}}, {"pk": 95, "model": "peteslist.category", "fields": {"title": "legal / paralegal", "type": 5}}, {"pk": 96, "model": "peteslist.category", "fields": {"title": "manufacturing", "type": 5}}, {"pk": 97, "model": "peteslist.category", "fields": {"title": "marketing / pr / ad", "type": 5}}, {"pk": 98, "model": "peteslist.category", "fields": {"title": "medical / health", "type": 5}}, {"pk": 99, "model": "peteslist.category", "fields": {"title": "nonprofit sector", "type": 5}}, {"pk": 100, "model": "peteslist.category", "fields": {"title": "real estate", "type": 5}}, {"pk": 101, "model": "peteslist.category", "fields": {"title": "retail / wholesale", "type": 5}}, {"pk": 102, "model": "peteslist.category", "fields": {"title": "sales / biz dev", "type": 5}}, {"pk": 103, "model": "peteslist.category", "fields": {"title": "salon / spa / fitness", "type": 5}}, {"pk": 104, "model": "peteslist.category", "fields": {"title": "security", "type": 5}}, {"pk": 105, "model": "peteslist.category", "fields": {"title": "skilled trade / craft", "type": 5}}, {"pk": 106, "model": "peteslist.category", "fields": {"title": "software / qa / dba", "type": 5}}, {"pk": 107, "model": "peteslist.category", "fields": {"title": "systems / network", "type": 5}}, {"pk": 108, "model": "peteslist.category", "fields": {"title": "technical support", "type": 5}}, {"pk": 109, "model": "peteslist.category", "fields": {"title": "transport", "type": 5}}, {"pk": 110, "model": "peteslist.category", "fields": {"title": "tv / film / video", "type": 5}}, {"pk": 111, "model": "peteslist.category", "fields": {"title": "web / info design", "type": 5}}, {"pk": 112, "model": "peteslist.category", "fields": {"title": "writing / editing", "type": 5}}, {"pk": 113, "model": "peteslist.category", "fields": {"title": "[ETC]", "type": 5}}, {"pk": 114, "model": "peteslist.category", "fields": {"title": "[ part-time ]", "type": 5}}, {"pk": 115, "model": "peteslist.category", "fields": {"title": "computer", "type": 6}}, {"pk": 116, "model": "peteslist.category", "fields": {"title": "creative", "type": 6}}, {"pk": 117, "model": "peteslist.category", "fields": {"title": "crew", "type": 6}}, {"pk": 118, "model": "peteslist.category", "fields": {"title": "domestic", "type": 6}}, {"pk": 119, "model": "peteslist.category", "fields": {"title": "event", "type": 6}}, {"pk": 120, "model": "peteslist.category", "fields": {"title": "labor", "type": 6}}, {"pk": 121, "model": "peteslist.category", "fields": {"title": "talent", "type": 6}}, {"pk": 122, "model": "peteslist.category", "fields": {"title": "writing", "type": 6}}, {"pk": 123, "model": "peteslist.category", "fields": {"title": "events", "type": 1}}, {"pk": 30, "model": "peteslist.image", "fields": {"created_at": null, "image": "peteslist_images/bike_vKjoq4V.jpeg", "post": 16}}, {"pk": 31, "model": "peteslist.image", "fields": {"created_at": null, "image": "peteslist_images/bike2_gun7F7m.jpeg", "post": 16}}, {"pk": 32, "model": "peteslist.image", "fields": {"created_at": null, "image": "peteslist_images/bike3_4HfHtvT.jpeg", "post": 17}}, {"pk": 33, "model": "peteslist.image", "fields": {"created_at": null, "image": "peteslist_images/bike3_60D6scu.jpeg", "post": 19}}, {"pk": 34, "model": "peteslist.image", "fields": {"created_at": null, "image": "peteslist_images/downloadarst_axPAVdP.jpeg", "post": 20}}, {"pk": 35, "model": "peteslist.image", "fields": {"created_at": null, "image": "peteslist_images/image2_4CGmqQ9.jpeg", "post": 21}}, {"pk": 36, "model": "peteslist.image", "fields": {"created_at": null, "image": "peteslist_images/image3.jpeg", "post": 23}}, {"pk": 37, "model": "peteslist.image", "fields": {"created_at": null, "image": "peteslist_images/image3_FH9ipXi.jpeg", "post": 24}}, {"pk": 38, "model": "peteslist.image", "fields": {"created_at": null, "image": "peteslist_images/image4.jpeg", "post": 27}}, {"pk": 39, "model": "peteslist.image", "fields": {"created_at": null, "image": "peteslist_images/image6.jpeg", "post": 28}}, {"pk": 40, "model": "peteslist.image", "fields": {"created_at": null, "image": "peteslist_images/image7.png", "post": 29}}, {"pk": 41, "model": "peteslist.image", "fields": {"created_at": null, "image": "peteslist_images/image2_3O5k5Vl.jpeg", "post": 30}}, {"pk": 42, "model": "peteslist.image", "fields": {"created_at": null, "image": "peteslist_images/irish.jpeg", "post": 30}}, {"pk": 43, "model": "peteslist.image", "fields": {"created_at": null, "image": "peteslist_images/pats.jpeg", "post": 30}}, {"pk": 44, "model": "peteslist.image", "fields": {"created_at": "2015-11-13T05:30:16.451Z", "image": "peteslist_images/bike2_3Xw3lEv.jpeg", "post": 31}}, {"pk": 45, "model": "peteslist.image", "fields": {"created_at": "2015-11-13T05:35:27.020Z", "image": "peteslist_images/bike_55nh1rD.jpeg", "post": 32}}, {"pk": 46, "model": "peteslist.image", "fields": {"created_at": "2015-11-13T06:15:46.662Z", "image": "peteslist_images/bike_dqqlj3f.jpeg", "post": 33}}, {"pk": 47, "model": "peteslist.image", "fields": {"created_at": "2015-11-13T18:26:31.813Z", "image": "peteslist_images/bike2_Hl9vkKL.jpeg", "post": 34}}, {"pk": 48, "model": "peteslist.image", "fields": {"created_at": "2015-11-13T19:21:17.767Z", "image": "peteslist_images/bike2_76nyKqx.jpeg", "post": 35}}, {"pk": 49, "model": "peteslist.image", "fields": {"created_at": "2015-11-13T19:23:48.783Z", "image": "peteslist_images/download_1.jpeg", "post": 36}}, {"pk": 50, "model": "peteslist.image", "fields": {"created_at": "2015-11-13T19:24:34.613Z", "image": "peteslist_images/download.jpeg", "post": 37}}, {"pk": 51, "model": "peteslist.image", "fields": {"created_at": "2015-11-13T19:26:13.427Z", "image": "peteslist_images/clearview40pccc2_medium.jpg", "post": 38}}, {"pk": 52, "model": "peteslist.image", "fields": {"created_at": "2015-11-15T07:42:06.880Z", "image": "peteslist_images/bike3_pKE8dxV.jpeg", "post": 41}}, {"pk": 53, "model": "peteslist.image", "fields": {"created_at": "2015-11-15T07:42:06.929Z", "image": "peteslist_images/bike2_9Cwv5JR.jpeg", "post": 41}}, {"pk": 54, "model": "peteslist.image", "fields": {"created_at": "2015-11-15T07:42:06.976Z", "image": "peteslist_images/bike_0wQwp8W.jpeg", "post": 41}}, {"pk": 55, "model": "peteslist.image", "fields": {"created_at": "2015-11-15T07:51:00.289Z", "image": "peteslist_images/images.jpeg", "post": 42}}, {"pk": 56, "model": "peteslist.image", "fields": {"created_at": "2015-11-15T07:51:00.301Z", "image": "peteslist_images/clearview40pccc2_medium_Kbr8EKz.jpg", "post": 42}}, {"pk": 57, "model": "peteslist.image", "fields": {"created_at": "2015-11-15T08:38:59.605Z", "image": "peteslist_images/pic5.jpeg", "post": 43}}, {"pk": 58, "model": "peteslist.image", "fields": {"created_at": "2015-11-15T08:38:59.617Z", "image": "peteslist_images/pic2.png", "post": 43}}, {"pk": 59, "model": "peteslist.image", "fields": {"created_at": "2015-11-15T08:40:30.746Z", "image": "peteslist_images/pic2_8rXP9uT.png", "post": 44}}, {"pk": 60, "model": "peteslist.image", "fields": {"created_at": "2015-11-15T08:40:30.755Z", "image": "peteslist_images/download_iVqKWCr.jpeg", "post": 44}}, {"pk": 61, "model": "peteslist.image", "fields": {"created_at": "2015-11-15T08:42:43.382Z", "image": "peteslist_images/download_HrHoD9k.jpeg", "post": 45}}, {"pk": 62, "model": "peteslist.image", "fields": {"created_at": "2015-11-15T08:42:43.390Z", "image": "peteslist_images/pic3_TEWcFYv.jpeg", "post": 45}}, {"pk": 63, "model": "peteslist.image", "fields": {"created_at": "2015-11-15T08:45:01.906Z", "image": "peteslist_images/image8.jpeg", "post": 46}}, {"pk": 64, "model": "peteslist.image", "fields": {"created_at": "2015-11-15T08:45:01.914Z", "image": "peteslist_images/pic3_p9MJ2BX.jpeg", "post": 46}}, {"pk": 65, "model": "peteslist.image", "fields": {"created_at": "2015-11-15T08:45:01.923Z", "image": "peteslist_images/glastron-medium-day-rv-171-38062060040469705355576866534566x.jpg", "post": 46}}, {"pk": 66, "model": "peteslist.image", "fields": {"created_at": "2015-11-15T08:45:50.459Z", "image": "peteslist_images/Fiddlehead-Tender-Maine-Boat-2014.jpg", "post": 47}}, {"pk": 67, "model": "peteslist.image", "fields": {"created_at": "2015-11-15T08:45:50.468Z", "image": "peteslist_images/download_1_rsOnKfb.jpeg", "post": 47}}, {"pk": 68, "model": "peteslist.image", "fields": {"created_at": "2015-11-15T08:48:15.291Z", "image": "peteslist_images/Fiddlehead-Tender-Maine-Boat-2014_juHZS4G.jpg", "post": 48}}, {"pk": 69, "model": "peteslist.image", "fields": {"created_at": "2015-11-15T08:48:15.301Z", "image": "peteslist_images/download_SaaHOxU.jpeg", "post": 48}}, {"pk": 70, "model": "peteslist.image", "fields": {"created_at": "2015-11-15T08:49:05.972Z", "image": "peteslist_images/downloadarst_hpgtL80.jpeg", "post": 49}}, {"pk": 71, "model": "peteslist.image", "fields": {"created_at": "2015-11-15T08:49:05.981Z", "image": "peteslist_images/Fiddlehead-Tender-Maine-Boat-2014_f35jTIr.jpg", "post": 49}}, {"pk": 72, "model": "peteslist.image", "fields": {"created_at": "2015-11-15T08:50:31.480Z", "image": "peteslist_images/Fiddlehead-Tender-Maine-Boat-2014_JnPPwmB.jpg", "post": 50}}, {"pk": 73, "model": "peteslist.image", "fields": {"created_at": "2015-11-15T08:50:31.489Z", "image": "peteslist_images/clearview40pccc2_medium_Mm8iqlC.jpg", "post": 50}}, {"pk": 74, "model": "peteslist.image", "fields": {"created_at": "2015-11-16T01:55:34.490Z", "image": "peteslist_images/glastron-medium-day-rv-171-38062060040469705355576866534566x_yefjklF.jpg", "post": 51}}, {"pk": 75, "model": "peteslist.image", "fields": {"created_at": "2015-11-16T01:55:34.503Z", "image": "peteslist_images/download_DKAX08k.jpeg", "post": 51}}, {"pk": 76, "model": "peteslist.image", "fields": {"created_at": "2015-11-16T02:32:26.207Z", "image": "peteslist_images/downloadarst_PrQTe0Y.jpeg", "post": 53}}, {"pk": 77, "model": "peteslist.image", "fields": {"created_at": "2015-11-16T02:32:26.215Z", "image": "peteslist_images/glastron-medium-day-rv-171-38062060040469705355576866534566x_4xJmAv4.jpg", "post": 53}}, {"pk": 78, "model": "peteslist.image", "fields": {"created_at": "2015-11-16T02:33:49.179Z", "image": "peteslist_images/download_G51iNcT.jpeg", "post": 54}}, {"pk": 79, "model": "peteslist.image", "fields": {"created_at": "2015-11-16T02:33:49.187Z", "image": "peteslist_images/glastron-medium-day-rv-171-38062060040469705355576866534566x_jCKQ9RR.jpg", "post": 54}}, {"pk": 80, "model": "peteslist.image", "fields": {"created_at": "2015-11-16T02:38:09.847Z", "image": "peteslist_images/Fiddlehead-Tender-Maine-Boat-2014_eKA0de0.jpg", "post": 55}}, {"pk": 81, "model": "peteslist.image", "fields": {"created_at": "2015-11-16T02:41:42.469Z", "image": "peteslist_images/bike3_shKWcB2.jpeg", "post": 56}}, {"pk": 82, "model": "peteslist.image", "fields": {"created_at": "2015-11-16T02:41:42.477Z", "image": "peteslist_images/celtics.jpeg", "post": 56}}, {"pk": 83, "model": "peteslist.image", "fields": {"created_at": "2015-11-16T03:46:49.193Z", "image": "peteslist_images/image1_u7AIuAq.jpeg", "post": 57}}, {"pk": 1, "model": "auth.permission", "fields": {"name": "Can add log entry", "content_type": 1, "codename": "add_logentry"}}, {"pk": 2, "model": "auth.permission", "fields": {"name": "Can change log entry", "content_type": 1, "codename": "change_logentry"}}, {"pk": 3, "model": "auth.permission", "fields": {"name": "Can delete log entry", "content_type": 1, "codename": "delete_logentry"}}, {"pk": 4, "model": "auth.permission", "fields": {"name": "Can add permission", "content_type": 2, "codename": "add_permission"}}, {"pk": 5, "model": "auth.permission", "fields": {"name": "Can change permission", "content_type": 2, "codename": "change_permission"}}, {"pk": 6, "model": "auth.permission", "fields": {"name": "Can delete permission", "content_type": 2, "codename": "delete_permission"}}, {"pk": 7, "model": "auth.permission", "fields": {"name": "Can add group", "content_type": 3, "codename": "add_group"}}, {"pk": 8, "model": "auth.permission", "fields": {"name": "Can change group", "content_type": 3, "codename": "change_group"}}, {"pk": 9, "model": "auth.permission", "fields": {"name": "Can delete group", "content_type": 3, "codename": "delete_group"}}, {"pk": 10, "model": "auth.permission", "fields": {"name": "Can add user", "content_type": 4, "codename": "add_user"}}, {"pk": 11, "model": "auth.permission", "fields": {"name": "Can change user", "content_type": 4, "codename": "change_user"}}, {"pk": 12, "model": "auth.permission", "fields": {"name": "Can delete user", "content_type": 4, "codename": "delete_user"}}, {"pk": 13, "model": "auth.permission", "fields": {"name": "Can add content type", "content_type": 5, "codename": "add_contenttype"}}, {"pk": 14, "model": "auth.permission", "fields": {"name": "Can change content type", "content_type": 5, "codename": "change_contenttype"}}, {"pk": 15, "model": "auth.permission", "fields": {"name": "Can delete content type", "content_type": 5, "codename": "delete_contenttype"}}, {"pk": 16, "model": "auth.permission", "fields": {"name": "Can add session", "content_type": 6, "codename": "add_session"}}, {"pk": 17, "model": "auth.permission", "fields": {"name": "Can change session", "content_type": 6, "codename": "change_session"}}, {"pk": 18, "model": "auth.permission", "fields": {"name": "Can delete session", "content_type": 6, "codename": "delete_session"}}, {"pk": 19, "model": "auth.permission", "fields": {"name": "Can add location", "content_type": 7, "codename": "add_location"}}, {"pk": 20, "model": "auth.permission", "fields": {"name": "Can change location", "content_type": 7, "codename": "change_location"}}, {"pk": 21, "model": "auth.permission", "fields": {"name": "Can delete location", "content_type": 7, "codename": "delete_location"}}, {"pk": 22, "model": "auth.permission", "fields": {"name": "Can add type", "content_type": 8, "codename": "add_type"}}, {"pk": 23, "model": "auth.permission", "fields": {"name": "Can change type", "content_type": 8, "codename": "change_type"}}, {"pk": 24, "model": "auth.permission", "fields": {"name": "Can delete type", "content_type": 8, "codename": "delete_type"}}, {"pk": 31, "model": "auth.permission", "fields": {"name": "Can add category", "content_type": 11, "codename": "add_category"}}, {"pk": 32, "model": "auth.permission", "fields": {"name": "Can change category", "content_type": 11, "codename": "change_category"}}, {"pk": 33, "model": "auth.permission", "fields": {"name": "Can delete category", "content_type": 11, "codename": "delete_category"}}, {"pk": 34, "model": "auth.permission", "fields": {"name": "Can add image", "content_type": 12, "codename": "add_image"}}, {"pk": 35, "model": "auth.permission", "fields": {"name": "Can change image", "content_type": 12, "codename": "change_image"}}, {"pk": 36, "model": "auth.permission", "fields": {"name": "Can delete image", "content_type": 12, "codename": "delete_image"}}, {"pk": 37, "model": "auth.permission", "fields": {"name": "Can add post", "content_type": 13, "codename": "add_post"}}, {"pk": 38, "model": "auth.permission", "fields": {"name": "Can change post", "content_type": 13, "codename": "change_post"}}, {"pk": 39, "model": "auth.permission", "fields": {"name": "Can delete post", "content_type": 13, "codename": "delete_post"}}, {"pk": 43, "model": "auth.permission", "fields": {"name": "Can add profile", "content_type": 15, "codename": "add_profile"}}, {"pk": 44, "model": "auth.permission", "fields": {"name": "Can change profile", "content_type": 15, "codename": "change_profile"}}, {"pk": 45, "model": "auth.permission", "fields": {"name": "Can delete profile", "content_type": 15, "codename": "delete_profile"}}, {"pk": 46, "model": "auth.permission", "fields": {"name": "Can add favorite", "content_type": 16, "codename": "add_favorite"}}, {"pk": 47, "model": "auth.permission", "fields": {"name": "Can change favorite", "content_type": 16, "codename": "change_favorite"}}, {"pk": 48, "model": "auth.permission", "fields": {"name": "Can delete favorite", "content_type": 16, "codename": "delete_favorite"}}, {"pk": 49, "model": "auth.permission", "fields": {"name": "Can add token", "content_type": 17, "codename": "add_token"}}, {"pk": 50, "model": "auth.permission", "fields": {"name": "Can change token", "content_type": 17, "codename": "change_token"}}, {"pk": 51, "model": "auth.permission", "fields": {"name": "Can delete token", "content_type": 17, "codename": "delete_token"}}, {"pk": 52, "model": "auth.permission", "fields": {"name": "Can add keyword", "content_type": 18, "codename": "add_keyword"}}, {"pk": 53, "model": "auth.permission", "fields": {"name": "Can change keyword", "content_type": 18, "codename": "change_keyword"}}, {"pk": 54, "model": "auth.permission", "fields": {"name": "Can delete keyword", "content_type": 18, "codename": "delete_keyword"}}, {"pk": 1, "model": "auth.user", "fields": {"date_joined": "2015-11-05T21:24:30.134Z", "is_staff": true, "first_name": "", "password": "pbkdf2_sha256$20000$aEXC0Q12hf6p$muRV4jXZyPMJ5mqQ0n1O+1ZaqVxrBsCTcJkVSt2GBNM=", "last_login": "2015-11-16T06:13:11.169Z", "is_active": true, "is_superuser": true, "username": "peterflynn", "user_permissions": [], "last_name": "", "email": "a@a.com", "groups": []}}, {"pk": 4, "model": "auth.user", "fields": {"date_joined": "2015-11-11T23:41:06.926Z", "is_staff": false, "first_name": "", "password": "pbkdf2_sha256$20000$kahc3SFG3TDX$b3HVs7JYEoM5pDdYEcD4ojqVoxM1XqHRCDb8q1pvbLo=", "last_login": "2015-11-16T17:12:46.397Z", "is_active": true, "is_superuser": false, "username": "stringerbell", "user_permissions": [], "last_name": "", "email": "stringer@string.com", "groups": []}}, {"pk": 5, "model": "auth.user", "fields": {"date_joined": "2015-11-13T04:58:42.648Z", "is_staff": false, "first_name": "", "password": "pbkdf2_sha256$20000$FqSCx5v7lAGH$v2zGA879P+VTVrxGmc3lQDB5Yv6K//jSlBmejqQ3GzE=", "last_login": "2015-11-16T01:53:31.604Z", "is_active": true, "is_superuser": false, "username": "marlostanfield", "user_permissions": [], "last_name": "", "email": "marlo@marlo.com", "groups": []}}, {"pk": 6, "model": "auth.user", "fields": {"date_joined": "2015-11-13T05:02:10.334Z", "is_staff": false, "first_name": "", "password": "pbkdf2_sha256$20000$srCr6tLmVlEl$1iSPQBOsfoOtkOPWU/pUSBXEGlyfGmP4pkouBBQa/cY=", "last_login": null, "is_active": true, "is_superuser": false, "username": "avonbarksdale", "user_permissions": [], "last_name": "", "email": "avon@avon.com", "groups": []}}, {"pk": 7, "model": "auth.user", "fields": {"date_joined": "2015-11-13T05:29:30.012Z", "is_staff": false, "first_name": "", "password": "pbkdf2_sha256$20000$zMQv13InpgC4$XWrQWTeB6UXxDxOesDTb+NbbLsokFReHI9R/KOoRKig=", "last_login": "2015-11-16T02:42:15.024Z", "is_active": true, "is_superuser": false, "username": "omar", "user_permissions": [], "last_name": "", "email": "omar@omar.com", "groups": []}}, {"pk": 8, "model": "auth.user", "fields": {"date_joined": "2015-11-13T18:23:29.012Z", "is_staff": false, "first_name": "", "password": "pbkdf2_sha256$20000$PXc9KabHNsWM$hbH1ZFBwg9TCn/sX9oOfKeFgL8dBxOrrxIAE9687GrE=", "last_login": "2015-11-13T18:24:54.862Z", "is_active": true, "is_superuser": false, "username": "greggs", "user_permissions": [], "last_name": "", "email": "greggs@greggs.com", "groups": []}}, {"pk": 9, "model": "auth.user", "fields": {"date_joined": "2015-11-13T19:19:50.180Z", "is_staff": false, "first_name": "", "password": "pbkdf2_sha256$20000$yjEA6DCPxQP9$e/pitkGVO2QKUmLWSRnDGc7eS0hc6sgNeka8sPuaSAA=", "last_login": "2015-11-13T19:19:59.552Z", "is_active": true, "is_superuser": false, "username": "mcnulty", "user_permissions": [], "last_name": "", "email": "mc@nulty.com", "groups": []}}, {"pk": 10, "model": "auth.user", "fields": {"date_joined": "2015-11-15T07:29:42.695Z", "is_staff": false, "first_name": "", "password": "pbkdf2_sha256$20000$6xNnEl1O0R9O$O9CPJkHXgFgGLTEuddDbCRtNFlVcoZOM7fNc0e0czxs=", "last_login": "2015-11-16T02:40:39.090Z", "is_active": true, "is_superuser": false, "username": "jamesbond007", "user_permissions": [], "last_name": "", "email": "james@bond.com", "groups": []}}, {"pk": 2, "model": "peteslist.keyword", "fields": {"user": 1, "keyword": "dinosaur", "created_at": "2015-11-15T07:00:31.056Z"}}, {"pk": 3, "model": "peteslist.keyword", "fields": {"user": 1, "keyword": "hiking", "created_at": "2015-11-15T07:21:32.684Z"}}, {"pk": 6, "model": "peteslist.keyword", "fields": {"user": 1, "keyword": "jesus", "created_at": "2015-11-15T07:26:44.854Z"}}, {"pk": 7, "model": "peteslist.keyword", "fields": {"user": 1, "keyword": "mary", "created_at": "2015-11-15T07:26:46.544Z"}}, {"pk": 8, "model": "peteslist.keyword", "fields": {"user": 1, "keyword": "bicycle", "created_at": "2015-11-15T07:27:04.062Z"}}, {"pk": 12, "model": "peteslist.keyword", "fields": {"user": 4, "keyword": "package", "created_at": "2015-11-16T01:48:00.046Z"}}, {"pk": 13, "model": "peteslist.keyword", "fields": {"user": 4, "keyword": "lawyer", "created_at": "2015-11-16T01:48:12.621Z"}}, {"pk": 15, "model": "peteslist.keyword", "fields": {"user": 7, "keyword": "gun", "created_at": "2015-11-16T02:28:59.000Z"}}, {"pk": 16, "model": "peteslist.keyword", "fields": {"user": 7, "keyword": "weapon", "created_at": "2015-11-16T02:29:03.183Z"}}, {"pk": 25, "model": "peteslist.keyword", "fields": {"user": 7, "keyword": "BINGO", "created_at": "2015-11-16T03:46:37.469Z"}}, {"pk": 26, "model": "peteslist.keyword", "fields": {"user": 4, "keyword": "gun", "created_at": "2015-11-16T05:13:26.562Z"}}, {"pk": 27, "model": "peteslist.keyword", "fields": {"user": 4, "keyword": "glock", "created_at": "2015-11-16T05:13:26.568Z"}}, {"pk": 28, "model": "peteslist.keyword", "fields": {"user": 4, "keyword": "drugs", "created_at": "2015-11-16T05:13:26.572Z"}}, {"pk": 32, "model": "peteslist.keyword", "fields": {"user": 7, "keyword": "BINGO", "created_at": "2015-11-16T06:12:21.165Z"}}, {"pk": 33, "model": "peteslist.keyword", "fields": {"user": 4, "keyword": "BINGO", "created_at": "2015-11-16T17:16:37.385Z"}}, {"pk": 34, "model": "peteslist.keyword", "fields": {"user": 7, "keyword": "BINGO", "created_at": "2015-11-16T17:16:37.410Z"}}, {"pk": 3, "model": "peteslist.favorite", "fields": {"user": 4, "created_at": null, "post": 12}}, {"pk": 4, "model": "peteslist.favorite", "fields": {"user": 4, "created_at": null, "post": 21}}, {"pk": 6, "model": "peteslist.favorite", "fields": {"user": 1, "created_at": null, "post": 16}}, {"pk": 8, "model": "peteslist.favorite", "fields": {"user": 5, "created_at": "2015-11-13T05:39:14.877Z", "post": 11}}, {"pk": 9, "model": "peteslist.favorite", "fields": {"user": 5, "created_at": "2015-11-13T05:39:23.459Z", "post": 12}}, {"pk": 10, "model": "peteslist.favorite", "fields": {"user": 5, "created_at": "2015-11-13T05:39:28.911Z", "post": 13}}, {"pk": 11, "model": "peteslist.favorite", "fields": {"user": 5, "created_at": "2015-11-13T05:39:33.149Z", "post": 17}}, {"pk": 12, "model": "peteslist.favorite", "fields": {"user": 5, "created_at": "2015-11-13T05:39:37.028Z", "post": 18}}, {"pk": 13, "model": "peteslist.favorite", "fields": {"user": 8, "created_at": "2015-11-13T18:27:05.960Z", "post": 12}}, {"pk": 14, "model": "peteslist.favorite", "fields": {"user": 8, "created_at": "2015-11-13T18:27:10.713Z", "post": 13}}, {"pk": 15, "model": "peteslist.favorite", "fields": {"user": 8, "created_at": "2015-11-13T18:27:28.976Z", "post": 14}}, {"pk": 16, "model": "peteslist.favorite", "fields": {"user": 8, "created_at": "2015-11-13T18:27:35.745Z", "post": 15}}, {"pk": 17, "model": "peteslist.favorite", "fields": {"user": 8, "created_at": "2015-11-13T18:27:44.379Z", "post": 17}}, {"pk": 18, "model": "peteslist.favorite", "fields": {"user": 8, "created_at": "2015-11-13T18:27:46.801Z", "post": 18}}, {"pk": 19, "model": "peteslist.favorite", "fields": {"user": 9, "created_at": "2015-11-13T22:12:59.865Z", "post": 18}}, {"pk": 20, "model": "peteslist.favorite", "fields": {"user": 8, "created_at": "2015-11-13T22:13:09.310Z", "post": 19}}, {"pk": 23, "model": "peteslist.favorite", "fields": {"user": 7, "created_at": "2015-11-13T22:15:14.363Z", "post": 18}}, {"pk": 24, "model": "peteslist.favorite", "fields": {"user": 7, "created_at": "2015-11-13T22:15:38.265Z", "post": 19}}, {"pk": 25, "model": "peteslist.favorite", "fields": {"user": 1, "created_at": "2015-11-15T01:08:14.143Z", "post": 19}}, {"pk": 26, "model": "peteslist.favorite", "fields": {"user": 1, "created_at": "2015-11-15T01:32:50.616Z", "post": 21}}, {"pk": 27, "model": "peteslist.favorite", "fields": {"user": 4, "created_at": "2015-11-16T04:45:21.240Z", "post": 18}}, {"pk": 28, "model": "peteslist.favorite", "fields": {"user": 4, "created_at": "2015-11-16T04:45:45.786Z", "post": 56}}, {"pk": 29, "model": "peteslist.favorite", "fields": {"user": 1, "created_at": "2015-11-16T06:13:48.876Z", "post": 53}}, {"pk": 30, "model": "peteslist.favorite", "fields": {"user": 4, "created_at": "2015-11-16T17:12:53.757Z", "post": 55}}, {"pk": 11, "model": "peteslist.post", "fields": {"contact_name": "", "condition": "excellent", "by_text": true, "location": 170, "created_at": "2015-11-15T06:26:21.127Z", "title": "Fishing boat", "price": "10.00", "category": 33, "user": 1, "specific_location": "", "by_phone": false, "type": 3, "phone_number": "", "description": "boats"}}, {"pk": 12, "model": "peteslist.post", "fields": {"contact_name": "", "condition": "excellent", "by_text": true, "location": 170, "created_at": "2015-11-15T06:26:21.132Z", "title": "Fishing boatsat", "price": "104.00", "category": 33, "user": 1, "specific_location": "", "by_phone": false, "type": 3, "phone_number": "", "description": "boatsars"}}, {"pk": 13, "model": "peteslist.post", "fields": {"contact_name": "", "condition": "salvage", "by_text": true, "location": 170, "created_at": "2015-11-15T06:26:21.133Z", "title": "Speedboat", "price": "444.00", "category": 33, "user": 1, "specific_location": "", "by_phone": false, "type": 3, "phone_number": "", "description": "Oh yea this is a great boat. "}}, {"pk": 14, "model": "peteslist.post", "fields": {"contact_name": "", "condition": "good", "by_text": true, "location": 170, "created_at": "2015-11-15T06:26:21.135Z", "title": "Awesome boat", "price": "400.00", "category": 33, "user": 1, "specific_location": "", "by_phone": true, "type": 3, "phone_number": "", "description": "2233"}}, {"pk": 15, "model": "peteslist.post", "fields": {"contact_name": "", "condition": "fair", "by_text": false, "location": 170, "created_at": "2015-11-15T06:26:21.137Z", "title": "boating", "price": null, "category": 33, "user": 1, "specific_location": "", "by_phone": false, "type": 3, "phone_number": "", "description": "get some lobstah"}}, {"pk": 16, "model": "peteslist.post", "fields": {"contact_name": "", "condition": "salvage", "by_text": true, "location": 170, "created_at": "2015-11-15T06:26:21.138Z", "title": "Boats", "price": "123.00", "category": 33, "user": 1, "specific_location": "", "by_phone": false, "type": 3, "phone_number": "arst", "description": "Buy me "}}, {"pk": 17, "model": "peteslist.post", "fields": {"contact_name": "", "condition": "like new", "by_text": true, "location": 170, "created_at": "2015-11-15T06:26:21.140Z", "title": "Bicycles", "price": null, "category": 32, "user": 1, "specific_location": "", "by_phone": false, "type": 3, "phone_number": "", "description": "Bikes"}}, {"pk": 18, "model": "peteslist.post", "fields": {"contact_name": "", "condition": "good", "by_text": true, "location": 170, "created_at": "2015-11-15T06:26:21.142Z", "title": "Cool Boat", "price": null, "category": 33, "user": 1, "specific_location": "", "by_phone": false, "type": 3, "phone_number": "", "description": "YAY!"}}, {"pk": 19, "model": "peteslist.post", "fields": {"contact_name": "", "condition": null, "by_text": true, "location": 170, "created_at": "2015-11-15T06:26:21.143Z", "title": "Great bike! ", "price": null, "category": 32, "user": 1, "specific_location": "", "by_phone": false, "type": 3, "phone_number": "", "description": "Kids bike"}}, {"pk": 20, "model": "peteslist.post", "fields": {"contact_name": "", "condition": "", "by_text": false, "location": 170, "created_at": "2015-11-15T06:26:21.157Z", "title": "awesome boat", "price": "45.00", "category": 33, "user": 1, "specific_location": "", "by_phone": false, "type": 3, "phone_number": "", "description": "goodies and stuff"}}, {"pk": 21, "model": "peteslist.post", "fields": {"contact_name": "", "condition": null, "by_text": false, "location": 170, "created_at": "2015-11-15T06:26:21.145Z", "title": "BICYCLE ", "price": "45.00", "category": 32, "user": 1, "specific_location": "", "by_phone": false, "type": 3, "phone_number": "", "description": "yo "}}, {"pk": 22, "model": "peteslist.post", "fields": {"contact_name": "", "condition": "like new", "by_text": false, "location": 170, "created_at": "2015-11-15T06:26:21.146Z", "title": "Expensive Boat", "price": "100.00", "category": 33, "user": 1, "specific_location": "", "by_phone": false, "type": 3, "phone_number": "", "description": "arst"}}, {"pk": 23, "model": "peteslist.post", "fields": {"contact_name": "", "condition": "like new", "by_text": true, "location": 170, "created_at": "2015-11-15T06:26:21.148Z", "title": "BUY ME ", "price": "34323.00", "category": 33, "user": 1, "specific_location": "", "by_phone": false, "type": 3, "phone_number": "", "description": "BUY ME "}}, {"pk": 24, "model": "peteslist.post", "fields": {"contact_name": "", "condition": "good", "by_text": false, "location": 170, "created_at": "2015-11-15T06:26:21.149Z", "title": "Great boat", "price": "432.00", "category": 33, "user": 1, "specific_location": "", "by_phone": false, "type": 3, "phone_number": "", "description": "Lobstah"}}, {"pk": 25, "model": "peteslist.post", "fields": {"contact_name": "", "condition": "fair", "by_text": false, "location": 170, "created_at": "2015-11-15T06:26:21.150Z", "title": "good boat ", "price": "5555.00", "category": 33, "user": 1, "specific_location": "", "by_phone": false, "type": 3, "phone_number": "", "description": "yup"}}, {"pk": 26, "model": "peteslist.post", "fields": {"contact_name": "", "condition": "fair", "by_text": false, "location": 170, "created_at": "2015-11-15T06:26:21.152Z", "title": "boat", "price": "353.00", "category": 33, "user": 1, "specific_location": "", "by_phone": false, "type": 3, "phone_number": "", "description": "boaaaaaaat"}}, {"pk": 27, "model": "peteslist.post", "fields": {"contact_name": "", "condition": "fair", "by_text": false, "location": 170, "created_at": "2015-11-15T06:26:21.153Z", "title": "boatssssssss", "price": "5555.00", "category": 33, "user": 1, "specific_location": "", "by_phone": false, "type": 3, "phone_number": "", "description": "boat by the sea"}}, {"pk": 28, "model": "peteslist.post", "fields": {"contact_name": "", "condition": "good", "by_text": false, "location": 170, "created_at": "2015-11-15T06:26:21.154Z", "title": "Lobstah boat", "price": "43.00", "category": 33, "user": 1, "specific_location": "", "by_phone": false, "type": 3, "phone_number": "", "description": "yum "}}, {"pk": 29, "model": "peteslist.post", "fields": {"contact_name": "", "condition": "like new", "by_text": false, "location": 170, "created_at": "2015-11-15T06:26:21.155Z", "title": "Cool! ", "price": null, "category": 33, "user": 1, "specific_location": "", "by_phone": false, "type": 3, "phone_number": "", "description": "Buy my boat "}}, {"pk": 30, "model": "peteslist.post", "fields": {"contact_name": "James", "condition": "excellent", "by_text": true, "location": 170, "created_at": "2015-11-15T06:26:21.156Z", "title": "Buy! Buy! Buy! ", "price": "1000.00", "category": 33, "user": 1, "specific_location": "", "by_phone": true, "type": 3, "phone_number": "7817774848", "description": "Buy! "}}, {"pk": 31, "model": "peteslist.post", "fields": {"contact_name": "", "condition": "fair", "by_text": false, "location": 170, "created_at": "2015-11-13T05:30:10.032Z", "title": "Really nice Bike", "price": null, "category": 32, "user": 1, "specific_location": "", "by_phone": false, "type": 3, "phone_number": "", "description": "Great bike"}}, {"pk": 32, "model": "peteslist.post", "fields": {"contact_name": "", "condition": "salvage", "by_text": false, "location": 170, "created_at": "2015-11-13T05:35:22.341Z", "title": "Really nice bike!", "price": null, "category": 32, "user": 5, "specific_location": "", "by_phone": false, "type": 3, "phone_number": "", "description": "Bikes are cool. "}}, {"pk": 33, "model": "peteslist.post", "fields": {"contact_name": "Joe", "condition": "like new", "by_text": true, "location": 170, "created_at": "2015-11-13T06:15:39.027Z", "title": "Bike", "price": "1002.00", "category": 32, "user": 7, "specific_location": "", "by_phone": true, "type": 3, "phone_number": "", "description": "This is really a great bike. "}}, {"pk": 34, "model": "peteslist.post", "fields": {"contact_name": "Joe", "condition": "like new", "by_text": true, "location": 170, "created_at": "2015-11-13T18:26:27.208Z", "title": "BICYCLE! ", "price": "150.00", "category": 32, "user": 8, "specific_location": "", "by_phone": true, "type": 3, "phone_number": "5084747494", "description": "Lorem ipsum dolor sit amet, elit lacus turpis eleifend posuere, pulvinar cras quisque dictum non, donec dolores metus dolor. Sem purus cras mauris, suspendisse tempus pede elit. Aliquet auctor dolor sed rutrum, ipsum elementum suspendisse neque tristique. Metus lacus fermentum nullam tempus, lectus amet eget dignissim. "}}, {"pk": 35, "model": "peteslist.post", "fields": {"contact_name": "", "condition": "fair", "by_text": true, "location": 170, "created_at": "2015-11-13T19:21:07.083Z", "title": "Bike for sale", "price": "300.00", "category": 32, "user": 9, "specific_location": "", "by_phone": true, "type": 3, "phone_number": "", "description": "Lorem ipsum dolor sit amet, sed occaecati amet a, risus lectus orci quisque, vel rutrum tincidunt platea. Mauris penatibus diam quo, sem nullam interdum felis nostra. Lacinia sapien felis egestas sit, malesuada vestibulum potenti cursus molestiae, ac ante sit quis. Tincidunt in in adipiscing ut, lobortis sapien scelerisque integer lorem. Suscipit scelerisque nulla suspendisse, imperdiet donec et sollicitudin irure."}}, {"pk": 36, "model": "peteslist.post", "fields": {"contact_name": "", "condition": "fair", "by_text": true, "location": 170, "created_at": "2015-11-13T19:23:34.330Z", "title": "Cool boat", "price": "333.00", "category": 33, "user": 9, "specific_location": "", "by_phone": true, "type": 3, "phone_number": "", "description": "Lorem ipsum dolor sit amet, sed occaecati amet a, risus lectus orci quisque, vel rutrum tincidunt platea. Mauris penatibus diam quo, sem nullam interdum felis nostra. Lacinia sapien felis egestas sit, malesuada vestibulum potenti cursus molestiae, ac ante sit quis. Tincidunt in in adipiscing ut, lobortis sapien scelerisque integer lorem. Suscipit scelerisque nulla suspendisse, imperdiet donec et sollicitudin irure."}}, {"pk": 37, "model": "peteslist.post", "fields": {"contact_name": "", "condition": null, "by_text": false, "location": 170, "created_at": "2015-11-13T19:24:28.501Z", "title": "boating", "price": "3333.00", "category": 33, "user": 4, "specific_location": "", "by_phone": false, "type": 3, "phone_number": "", "description": "Lorem ipsum dolor sit amet, sed occaecati amet a, risus lectus orci quisque, vel rutrum tincidunt platea. Mauris penatibus diam quo, sem nullam interdum felis nostra. Lacinia sapien felis egestas sit, malesuada vestibulum potenti cursus molestiae, ac ante sit quis. Tincidunt in in adipiscing ut, lobortis sapien scelerisque integer lorem. Suscipit scelerisque nulla suspendisse, imperdiet donec et sollicitudin irure."}}, {"pk": 38, "model": "peteslist.post", "fields": {"contact_name": "", "condition": "good", "by_text": true, "location": 170, "created_at": "2015-11-13T19:26:06.189Z", "title": "boat for sale yeaa", "price": "32.00", "category": 33, "user": 4, "specific_location": "", "by_phone": false, "type": 3, "phone_number": "", "description": "Lorem ipsum dolor sit amet, sed occaecati amet a, risus lectus orci quisque, vel rutrum tincidunt platea. Mauris penatibus diam quo, sem nullam interdum felis nostra. Lacinia sapien felis egestas sit, malesuada vestibulum potenti cursus molestiae, ac ante sit quis. Tincidunt in in adipiscing ut, lobortis sapien scelerisque integer lorem. Suscipit scelerisque nulla suspendisse, imperdiet donec et sollicitudin irure."}}, {"pk": 39, "model": "peteslist.post", "fields": {"contact_name": "", "condition": "excellent", "by_text": true, "location": 170, "created_at": "2015-11-15T07:37:23.233Z", "title": "bicycle", "price": "505.00", "category": 32, "user": 4, "specific_location": "", "by_phone": false, "type": 3, "phone_number": "6172223333", "description": "Really great bike. Get it now. "}}, {"pk": 40, "model": "peteslist.post", "fields": {"contact_name": "", "condition": "salvage", "by_text": true, "location": 170, "created_at": "2015-11-15T07:39:36.036Z", "title": "bicycle ", "price": null, "category": 32, "user": 4, "specific_location": "", "by_phone": false, "type": 3, "phone_number": "617858999", "description": "Really good deal! Buy it now~ "}}, {"pk": 41, "model": "peteslist.post", "fields": {"contact_name": "Bob", "condition": null, "by_text": true, "location": 170, "created_at": "2015-11-15T07:41:01.808Z", "title": "bicycle", "price": "323.00", "category": 32, "user": 4, "specific_location": "", "by_phone": false, "type": 3, "phone_number": "7817849595", "description": "Really great bike! Buy it now! "}}, {"pk": 42, "model": "peteslist.post", "fields": {"contact_name": "", "condition": "new", "by_text": true, "location": 170, "created_at": "2015-11-15T07:50:48.038Z", "title": "Buy this boat now it's amazing", "price": "200.00", "category": 33, "user": 4, "specific_location": "", "by_phone": true, "type": 3, "phone_number": "7813939495", "description": "Lorem Ipsum is simply dummy text of the printing and typesetting industry. Lorem Ipsum has been the industry's standard dummy text ever since the 1500s, when an unknown printer took a galley of type and scrambled it to make a type specimen book. It has survived not only five centuries, but also the leap into electronic typesetting, remaining essentially unchanged. It was popularised in the 1960s with the release of Letraset sheets containing Lorem Ipsum passages, and more recently with desktop publishing software like Aldus PageMaker including versions of Lorem Ipsum."}}, {"pk": 43, "model": "peteslist.post", "fields": {"contact_name": "", "condition": "good", "by_text": true, "location": 170, "created_at": "2015-11-15T08:38:36.962Z", "title": "Buy my awesome boat", "price": "450.00", "category": 33, "user": 4, "specific_location": "", "by_phone": false, "type": 3, "phone_number": "7817843748", "description": "This boat is amazing!!!! AMAZING!!!"}}, {"pk": 44, "model": "peteslist.post", "fields": {"contact_name": "", "condition": "fair", "by_text": false, "location": 170, "created_at": "2015-11-15T08:40:16.827Z", "title": "Boating", "price": null, "category": 33, "user": 7, "specific_location": "", "by_phone": true, "type": 3, "phone_number": "7818492020", "description": "Booyah! send_mail(\"Your Subject\", \"This is a simple text email body.\",\r\n  \"Yamil Asusta <hello@yamilasusta.com>\", [\"yamil@sendgrid.com\"])"}}, {"pk": 45, "model": "peteslist.post", "fields": {"contact_name": "", "condition": "excellent", "by_text": true, "location": 170, "created_at": "2015-11-15T08:42:16.374Z", "title": "Buy this boat. ", "price": "10000.00", "category": 33, "user": 7, "specific_location": "", "by_phone": false, "type": 3, "phone_number": "", "description": "It is a long established fact that a reader will be distracted by the readable content of a page when looking at its layout. The point of using Lorem Ipsum is that it has a more-or-less normal distribution of letters, as opposed to using 'Content here, content here', making it look like readable English. Many desktop publishing packages and web page editors now use Lorem Ipsum as their default model text, and a search for 'lorem ipsum' will uncover many web sites still in their infancy. Various versions have evolved over the years, sometimes by accident, sometimes on purpose (injected humour and the like)."}}, {"pk": 46, "model": "peteslist.post", "fields": {"contact_name": "", "condition": "like new", "by_text": false, "location": 170, "created_at": "2015-11-15T08:44:42.023Z", "title": "Buy my boat now ", "price": "10500.00", "category": 33, "user": 7, "specific_location": "", "by_phone": false, "type": 3, "phone_number": "", "description": "It is a long established fact that a reader will be distracted by the readable content of a page when looking at its layout. The point of using Lorem Ipsum is that it has a more-or-less normal distribution of letters, as opposed to using 'Content here, content here', making it look like readable English. Many desktop publishing packages and web page editors now use Lorem Ipsum as their default model text, and a search for 'lorem ipsum' will uncover many web sites still in their infancy. Various versions have evolved over the years, sometimes by accident, sometimes on purpose (injected humour and the like)."}}, {"pk": 47, "model": "peteslist.post", "fields": {"contact_name": "", "condition": "excellent", "by_text": false, "location": 170, "created_at": "2015-11-15T08:45:39.705Z", "title": "This is a jesus christ boat", "price": "200.00", "category": 33, "user": 7, "specific_location": "", "by_phone": false, "type": 3, "phone_number": "", "description": "Buy this boat according to gospel"}}, {"pk": 48, "model": "peteslist.post", "fields": {"contact_name": "", "condition": "good", "by_text": true, "location": 170, "created_at": "2015-11-15T08:48:06.686Z", "title": "Boats are really great ", "price": "150.00", "category": 33, "user": 10, "specific_location": "", "by_phone": true, "type": 3, "phone_number": "", "description": "It is a long established fact that a reader will be distracted by the readable content of a page when looking at its layout. The point of using Lorem Ipsum is that it has a more-or-less normal distribution of letters, as opposed to using 'Content here, content here', making it look like readable English. Many desktop publishing packages and web page editors now use Lorem Ipsum as their default model text, and a search for 'lorem ipsum' will uncover many web sites still in their infancy. Various versions have evolved over the years, sometimes by accident, sometimes on purpose (injected humour and the like)."}}, {"pk": 49, "model": "peteslist.post", "fields": {"contact_name": "", "condition": "good", "by_text": false, "location": 170, "created_at": "2015-11-15T08:48:49.040Z", "title": "This boat is holy", "price": "150.00", "category": 33, "user": 10, "specific_location": "", "by_phone": false, "type": 3, "phone_number": "", "description": "Jesus Christ Boats are wonderful"}}, {"pk": 50, "model": "peteslist.post", "fields": {"contact_name": "", "condition": "good", "by_text": true, "location": 170, "created_at": "2015-11-15T08:50:21.977Z", "title": "Boat are what saved Noah", "price": "450.00", "category": 33, "user": 10, "specific_location": "", "by_phone": true, "type": 3, "phone_number": "7816579304", "description": "Jesus It is a long established fact that a reader will be distracted by the readable content of a page when looking at its layout. The point of using Lorem Ipsum is that it has a more-or-less normal distribution of letters, as opposed to using 'Content here, content here', making it look like readable English. Many desktop publishing packages and web page editors now use Lorem Ipsum as their default model text, and a search for 'lorem ipsum' will uncover many web sites still in their infancy. Various versions have evolved over the years, sometimes by accident, sometimes on purpose (injected humour and the like). "}}, {"pk": 51, "model": "peteslist.post", "fields": {"contact_name": "", "condition": "like new", "by_text": false, "location": 170, "created_at": "2015-11-16T01:55:25.533Z", "title": "Beautiful Boat", "price": "550.00", "category": 33, "user": 5, "specific_location": "", "by_phone": true, "type": 3, "phone_number": "", "description": "Come buy this awesome boat, or I'll shoot you with my gun. "}}, {"pk": 52, "model": "peteslist.post", "fields": {"contact_name": "", "condition": "like new", "by_text": true, "location": 170, "created_at": "2015-11-16T02:31:33.648Z", "title": "Beautiful Bike", "price": "150.00", "category": 32, "user": 10, "specific_location": "Cambridge, MA", "by_phone": true, "type": 3, "phone_number": "", "description": "Buy this bicycle it's amazing! "}}, {"pk": 53, "model": "peteslist.post", "fields": {"contact_name": "", "condition": "like new", "by_text": true, "location": 170, "created_at": "2015-11-16T02:32:18.957Z", "title": "Beautiful Bike", "price": "150.00", "category": 32, "user": 10, "specific_location": "Cambridge, MA", "by_phone": true, "type": 3, "phone_number": "", "description": "Buy this bicycle it's amazing! "}}, {"pk": 54, "model": "peteslist.post", "fields": {"contact_name": "", "condition": "fair", "by_text": true, "location": 170, "created_at": "2015-11-16T02:33:42.526Z", "title": "Amazing Boat! ", "price": "150.00", "category": 33, "user": 10, "specific_location": "Sharon, MA ", "by_phone": true, "type": 3, "phone_number": "", "description": "Lorem Ipsum is simply dummy text of the printing and typesetting industry. Lorem Ipsum has been the industry's standard dummy text ever since the 1500s, when an unknown printer took a galley of type and scrambled it to make a type specimen book. It has survived not only five centuries, but also the leap into electronic typesetting, remaining essentially unchanged. It was popularised in the 1960s with the release of Letraset sheets containing Lorem Ipsum passages, and more recently with desktop publishing software like Aldus PageMaker including versions of Lorem Ipsum. GUN!!!!"}}, {"pk": 55, "model": "peteslist.post", "fields": {"contact_name": "", "condition": "like new", "by_text": true, "location": 170, "created_at": "2015-11-16T02:36:33.546Z", "title": "Buy my Boat", "price": "350.00", "category": 33, "user": 7, "specific_location": "Roxbury, MA", "by_phone": true, "type": 3, "phone_number": "", "description": "Lorem Ipsum is simply dummy text of the printing and typesetting industry. Lorem Ipsum has been the industry's standard dummy text ever since the 1500s, when an unknown printer took a galley of type and scrambled it to make a type specimen book. It has survived not only five centuries, but also the leap into electronic typesetting, remaining essentially unchanged. It was popularised in the 1960s with the release of Letraset sheets containing Lorem Ipsum passages, and more recently with desktop publishing software like Aldus PageMaker including versions of Lorem Ipsum. GUN!!!"}}, {"pk": 56, "model": "peteslist.post", "fields": {"contact_name": "", "condition": "like new", "by_text": true, "location": 170, "created_at": "2015-11-16T02:41:32.790Z", "title": "Great bicycle. ", "price": "550.00", "category": 32, "user": 10, "specific_location": "Harvard Square", "by_phone": true, "type": 3, "phone_number": "", "description": "Lorem Ipsum is simply dummy text of the printing and typesetting industry. Lorem Ipsum has been the industry's standard dummy text ever since the 1500s, when an unknown printer took a galley of type and scrambled it to make a type specimen book. It has survived not only five centuries, but also the leap into electronic typesetting, remaining essentially unchanged. It was popularised in the 1960s with the release of Letraset sheets containing Lorem Ipsum passages, and more recently with desktop publishing software like Aldus PageMaker including versions of Lorem Ipsum. I kill you with my GUN!"}}, {"pk": 57, "model": "peteslist.post", "fields": {"contact_name": "", "condition": "good", "by_text": false, "location": 165, "created_at": "2015-11-16T03:46:37.426Z", "title": "gun", "price": "0.00", "category": 44, "user": 4, "specific_location": "West Side", "by_phone": false, "type": 3, "phone_number": "", "description": "Got to get rid of the evidence"}}, {"pk": 58, "model": "peteslist.post", "fields": {"contact_name": null, "condition": null, "by_text": false, "location": null, "created_at": "2015-11-16T05:15:39.145Z", "title": "FROM POSTMAN", "price": null, "category": null, "user": 4, "specific_location": null, "by_phone": false, "type": null, "phone_number": null, "description": "My post from Postman"}}, {"pk": 63, "model": "peteslist.post", "fields": {"contact_name": "", "condition": "excellent", "by_text": false, "location": 170, "created_at": "2015-11-16T17:16:37.362Z", "title": "bike", "price": "100.00", "category": 32, "user": 4, "specific_location": "", "by_phone": false, "type": 3, "phone_number": "", "description": "bike with a gun"}}]